Employee_ID,Employee_Name,Department,Designation,Basic_Salary,HRA,DA,Other_Allowance,Bonus,Tax_Percentage,PF_Percentage
EMP0001,Sanjay Verma,Marketing,Marketing Manager,87000,16150,7300,6050,0,0,12
EMP0002,Sneha Gupta,Sales,Sales Manager,96000,19600,9850,6600,0,15,12
EMP0003,Charu Mukherjee,IT,Senior Software Engineer,102000,20100,9300,4950,9000,10,12
EMP0004,Kiran Mishra,Marketing,Marketing Executive,49500,9950,5900,2750,0,20,12
EMP0005,Naresh Shetty,Sales,Sales Executive,36000,7450,4000,2850,0,15,12
EMP0006,Geetha Sinha,Operations,Operations Executive,46500,9050,4950,3150,5300,20,12
EMP0007,Asha Kulkarni,R&D,Research Scientist,98500,21650,10400,6150,0,0,12
EMP0008,Sunita Iyer,Operations,Operations Manager,88500,16150,10300,5550,8850,15,12
EMP0009,Manoj Bose,Finance,Financial Analyst,73500,14900,6650,4650,5300,5,12
EMP0010,Aishwarya Subramanian,HR,HR Executive,48500,8950,5100,3500,4300,15,12
EMP0011,Deepa Bose,IT,System Administrator,48500,10050,4900,2450,4550,15,12
EMP0012,Rahul Bose,Finance,Accountant,60000,11500,6350,3850,0,20,12
EMP0013,Deepa Sharma,Operations,Operations Manager,80500,14850,7600,6400,5950,20,12
EMP0014,Karthik Gupta,R&D,Research Associate,67000,14100,5700,3950,9200,15,12
EMP0015,Pallavi Bhatt,Sales,Business Development Executive,52500,11550,5550,3000,3800,10,12
EMP0016,Amit Yadav,Sales,Sales Manager,80000,14650,8400,3950,0,0,12
EMP0017,Aishwarya Chatterjee,Marketing,SEO Specialist,51500,10400,5600,3900,5000,15,12
EMP0018,Ajay Nair,HR,HR Generalist,51000,10050,5050,3550,0,0,12
EMP0019,Kavya Chauhan,Operations,Operations Executive,42500,8000,4300,1950,0,0,12
EMP0020,Anil Desai,HR,HR Executive,45000,9900,5100,3550,0,5,12
EMP0021,Girish Subramanian,R&D,Research Associate,62500,13500,5400,2500,0,15,12
EMP0022,Vinay Malhotra,R&D,Research Associate,56000,10750,6650,3550,0,0,12
EMP0023,Suresh Yadav,R&D,R&D Manager,139000,29750,12000,10900,15200,5,12
EMP0024,Jyoti Patel,Sales,Sales Executive,54500,10000,5800,3400,6400,10,12
EMP0025,Harish Bose,Admin,Admin Executive,40500,8350,4000,3150,4550,20,12
EMP0026,Rajesh Singh,Sales,Business Development Executive,44000,9550,5050,3300,5850,10,12
EMP0027,Satish Acharya,IT,System Administrator,62500,12000,6650,4850,3800,20,12
EMP0028,Swati Mukherjee,Marketing,Marketing Manager,102500,19850,11000,7600,14450,0,12
EMP0029,Pooja Malhotra,Marketing,Marketing Executive,35000,6750,3000,2750,0,15,12
EMP0030,Manisha Sharma,HR,HR Executive,50000,10750,5800,3100,0,5,12
EMP0031,Kavita Mehta,IT,Tech Lead,111500,24100,12450,8300,8350,0,12
EMP0032,Sarita Desai,Admin,Front Desk Executive,36500,6800,4300,2700,0,15,12
EMP0033,Sneha Das,Operations,Operations Manager,105500,21800,11550,5250,0,15,12
EMP0034,Vikram Raman,Sales,Sales Manager,106000,22950,9950,7700,12300,15,12
EMP0035,Srinivas Mukherjee,HR,Recruiter,46000,9450,4400,3650,0,0,12
EMP0036,Madhuri Das,Marketing,Marketing Executive,38000,7750,3550,2700,0,0,12
EMP0037,Tanvi Shetty,Sales,Business Development Executive,41000,8550,3300,3150,0,5,12
EMP0038,Naresh Malhotra,HR,Recruiter,54500,10500,6200,3750,4950,15,12
EMP0039,Rekha Desai,Finance,Financial Analyst,63000,13000,6000,4400,0,15,12
EMP0040,Gaurav Sharma,Marketing,Content Strategist,56500,11150,5850,3750,0,5,12
EMP0041,Aishwarya Raman,Finance,Accountant,49000,9850,5150,2600,0,10,12
EMP0042,Gopal Rao,Finance,Accountant,41000,7800,4050,3050,0,20,12
EMP0043,Ajay Naidu,R&D,Research Scientist,97500,18150,10500,7400,0,15,12
EMP0044,Gopal Das,R&D,Research Associate,67500,12800,7700,3950,0,20,12
EMP0045,Ramana Bhat,R&D,R&D Manager,136000,28400,13650,9950,0,15,12
EMP0046,Roopa Bose,Sales,Business Development Executive,64500,13600,6400,3200,0,5,12
EMP0047,Sandeep Krishnan,Operations,Logistics Coordinator,42500,7900,3800,2900,3850,20,12
EMP0048,Vandana Kapoor,IT,Senior Software Engineer,106500,20950,12350,6750,0,20,12
EMP0049,Yogesh Raman,IT,Tech Lead,109500,23000,12500,8550,0,20,12
EMP0050,Hema Menon,R&D,Research Associate,58500,11550,4750,3150,0,5,12
EMP0051,Vandana Mehta,IT,QA Engineer,58500,11850,4750,3850,0,0,12
EMP0052,Madhuri Naidu,Operations,Operations Executive,49500,9550,5450,2750,0,10,12
EMP0053,Karthik Raman,IT,System Administrator,62000,11300,7300,3050,0,0,12
EMP0054,Sneha Chatterjee,Sales,Sales Executive,54500,10150,4650,3650,6550,10,12
EMP0055,Anita Mishra,HR,HR Manager,89500,16500,7250,4700,0,15,12
EMP0056,Shreya Singh,Sales,Sales Executive,44500,9500,4650,2000,0,10,12
EMP0057,Sunil Malhotra,Operations,Operations Executive,51000,10500,4100,2900,0,10,12
EMP0058,Subash Joshi,Admin,Admin Executive,41500,8350,4400,2700,0,15,12
EMP0059,Kavita Yadav,Marketing,Content Strategist,57500,12250,4800,4350,0,20,12
EMP0060,Yogesh Krishnan,IT,QA Engineer,50000,9350,4400,3600,0,10,12
EMP0061,Ravi Rao,HR,HR Manager,93000,18550,10250,6300,0,0,12
EMP0062,Pooja Saxena,Sales,Regional Sales Head,142000,26950,15150,7800,21250,20,12
EMP0063,Srinivas Pandey,R&D,Research Scientist,99500,18900,8450,4750,0,5,12
EMP0064,Ajay Pillai,R&D,Research Scientist,113000,23000,12500,7200,0,10,12
EMP0065,Sunita Trivedi,Finance,Finance Manager,90000,18750,7650,3750,13000,15,12
EMP0066,Meera Sharma,Marketing,SEO Specialist,60000,11850,5250,2500,0,0,12
EMP0067,Jyoti Subramanian,HR,HR Executive,37000,6900,3800,1950,4700,20,12
EMP0068,Ramana Tiwari,Sales,Regional Sales Head,134000,29000,12300,8500,0,0,12
EMP0069,Satish Nair,Sales,Sales Manager,88000,18150,7600,4150,8350,20,12
EMP0070,Ashok Saxena,IT,Senior Software Engineer,89000,18550,9600,5200,0,20,12
EMP0071,Shreya Malhotra,HR,HR Manager,84500,18300,9550,3600,10550,20,12
EMP0072,Vinay Ghosh,HR,HR Generalist,49500,10300,5850,2950,2650,15,12
EMP0073,Nisha Mishra,Marketing,Marketing Executive,37500,7100,4000,2800,4750,10,12
EMP0074,Soumya Iyer,Finance,Auditor,61500,12650,7150,2900,0,15,12
EMP0075,Pooja Raman,Operations,Operations Manager,90500,17450,7600,4200,0,15,12
EMP0076,Gaurav Iyer,R&D,Research Associate,60000,11400,5100,4250,0,0,12
EMP0077,Rashmi Sinha,Admin,Admin Executive,33000,6600,3450,2000,2550,5,12
EMP0078,Dinesh Patel,IT,System Administrator,64000,13550,6950,3350,0,5,12
EMP0079,Sanjay Sinha,HR,HR Manager,95500,20750,8750,6500,0,15,12
EMP0080,Asha Sinha,Finance,Auditor,51000,11050,5100,3850,6600,15,12
EMP0081,Bhavna Venkatesh,Marketing,Marketing Executive,44000,9200,5000,2800,0,15,12
EMP0082,Sunil Raman,Operations,Operations Manager,97500,20550,9250,7550,0,5,12
EMP0083,Soumya Naidu,Sales,Regional Sales Head,121000,23300,11950,9250,0,5,12
EMP0084,Shilpa Iyer,Finance,Finance Manager,117500,21600,13350,5150,7550,5,12
EMP0085,Divya Raman,Marketing,Content Strategist,69500,14450,7350,5150,0,15,12
EMP0086,Arvind Subramanian,IT,DevOps Engineer,62000,11750,6650,3200,9150,0,12
EMP0087,Anil Kulkarni,Marketing,Marketing Executive,36000,6950,2950,1950,3300,5,12
EMP0088,Anita Das,HR,HR Generalist,59500,12350,5950,3750,0,15,12
EMP0089,Praveen Sharma,R&D,Research Scientist,111500,22500,9250,8700,16300,10,12
EMP0090,Subash Agarwal,Sales,Regional Sales Head,147000,29300,13150,9250,0,10,12
EMP0091,Amit Chauhan,Marketing,Marketing Executive,53000,11350,5900,4200,0,10,12
EMP0092,Sunita Mishra,Operations,Operations Executive,55000,10300,4950,3850,0,5,12
EMP0093,Rajesh Iyer,Marketing,SEO Specialist,46000,9350,5050,2000,0,5,12
EMP0094,Shreya Mehta,Operations,Logistics Coordinator,56000,12150,6350,2800,0,10,12
EMP0095,Bhavna Patel,R&D,Research Associate,54500,11450,4850,3650,7350,20,12
EMP0096,Naresh Gupta,Admin,Admin Executive,34000,6850,3350,2300,0,10,12
EMP0097,Meera Menon,R&D,Research Associate,69500,14950,7100,5300,9200,10,12
EMP0098,Girish Patel,Finance,Accountant,41000,7900,4100,1800,3900,20,12
EMP0099,Sapna Yadav,Finance,Auditor,48000,10250,5000,3700,0,5,12
EMP0100,Anil Ghosh,Sales,Business Development Executive,43000,9450,4050,3250,3350,0,12
EMP0101,Subash Gupta,Sales,Sales Executive,36500,7700,3300,1650,4600,5,12
EMP0102,Charu Pillai,Sales,Business Development Executive,64500,12000,7500,2600,4050,10,12
EMP0103,Ramesh Patel,IT,Senior Software Engineer,80000,15550,8900,5100,5000,15,12
EMP0104,Deepa Patel,HR,HR Generalist,54000,11400,5450,2400,0,0,12
EMP0105,Ravi Agarwal,R&D,R&D Manager,110500,20150,10950,6200,0,15,12
EMP0106,Divya Gupta,Operations,Logistics Coordinator,44500,8150,4050,2900,6650,20,12
EMP0107,Rekha Sinha,Admin,Admin Executive,42500,8850,4850,2800,0,5,12
EMP0108,Kavita Ghosh,Sales,Regional Sales Head,130500,27800,12500,9050,9850,5,12
EMP0109,Ashok Singh,HR,HR Executive,36000,7100,3950,2000,5250,20,12
EMP0110,Srinivas Patel,Admin,Office Manager,81000,17650,7850,6200,6600,0,12
EMP0111,Soumya Venkatesh,Sales,Sales Manager,101000,20150,11500,5450,7850,5,12
EMP0112,Pradeep Desai,IT,DevOps Engineer,89500,18450,9650,3700,0,10,12
EMP0113,Kiran Sharma,Finance,Financial Analyst,68000,14050,5650,4750,7000,15,12
EMP0114,Sapna Sinha,Operations,Operations Executive,46500,8950,4300,3600,0,5,12
EMP0115,Deepak Tiwari,IT,System Administrator,47500,9050,5050,2800,5950,0,12
EMP0116,Kiran Malhotra,HR,Recruiter,53500,10650,5700,2250,0,0,12
EMP0117,Naveen Agarwal,Sales,Sales Manager,104000,19800,9700,4200,9150,5,12
EMP0118,Mohit Desai,Operations,Operations Executive,47500,10200,3900,1950,0,20,12
EMP0119,Pradeep Shetty,Admin,Front Desk Executive,35000,6900,2950,1450,0,20,12
EMP0120,Subash Trivedi,HR,HR Generalist,43000,8150,4450,2600,3600,10,12
EMP0121,Anita Singh,HR,HR Manager,91000,17650,10750,6000,6900,5,12
EMP0122,Hema Joshi,HR,HR Manager,100000,20000,11000,7050,0,20,12
EMP0123,Aarti Bhat,Operations,Operations Executive,49000,8950,4800,2550,4950,10,12
EMP0124,Vandana Ghosh,IT,Software Engineer,61500,13100,5100,4600,0,20,12
EMP0125,Tanvi Sinha,IT,QA Engineer,58000,11950,5400,3400,3500,10,12
EMP0126,Karthik Venkatesh,Finance,Accountant,47500,9900,5700,2900,6750,15,12
EMP0127,Girish Krishnan,IT,System Administrator,55500,10150,4650,3750,0,20,12
EMP0128,Swati Krishnan,HR,HR Manager,91000,17500,9650,6050,0,0,12
EMP0129,Usha Desai,Admin,Front Desk Executive,37500,7250,3200,2550,0,20,12
EMP0130,Aishwarya Trivedi,IT,Tech Lead,109500,20500,9700,8550,7000,0,12
EMP0131,Rekha Nair,IT,System Administrator,55500,11950,5800,3550,6600,20,12
EMP0132,Anita Ghosh,IT,QA Engineer,51500,10650,4600,3000,0,15,12
EMP0133,Sunita Bhatt,Sales,Business Development Executive,65000,12900,7350,3550,0,15,12
EMP0134,Vinay Naidu,Admin,Admin Executive,43000,8100,4500,3200,0,10,12
EMP0135,Gaurav Nair,HR,Recruiter,37500,7900,3400,2850,0,5,12
EMP0136,Roopa Pandey,IT,QA Engineer,41500,8150,3950,2300,3400,0,12
EMP0137,Srinivas Joshi,Finance,Accountant,49000,10600,4850,3600,0,20,12
EMP0138,Rahul Gupta,IT,Tech Lead,106500,22750,10850,7350,8400,10,12
EMP0139,Neha Reddy,Sales,Regional Sales Head,140000,29650,13750,6200,0,0,12
EMP0140,Aishwarya Shetty,Sales,Sales Manager,89000,17550,9300,4400,0,0,12
EMP0141,Deepa Trivedi,HR,HR Executive,41000,8800,3350,2250,0,10,12
EMP0142,Arjun Pandey,Sales,Sales Executive,53500,11200,5000,2250,0,5,12
EMP0143,Vandana Raman,Finance,Financial Analyst,52000,10850,6100,2150,0,0,12
EMP0144,Arvind Agarwal,Admin,Front Desk Executive,32500,6200,3600,1550,0,10,12
EMP0145,Sandeep Patel,Operations,Operations Manager,108000,21150,10550,8450,12850,10,12
EMP0146,Ravi Mukherjee,HR,HR Generalist,42500,8400,5100,2000,3500,10,12
EMP0147,Usha Ghosh,Admin,Admin Executive,41000,8100,4000,2850,0,15,12
EMP0148,Geetha Reddy,HR,HR Generalist,51500,10350,5650,2400,0,15,12
EMP0149,Vikram Mehta,HR,HR Manager,91500,17800,10800,3800,0,10,12
EMP0150,Komal Ghosh,HR,HR Manager,96500,18800,8950,4950,6600,20,12
EMP0151,Tanvi Desai,HR,Recruiter,43000,8950,3800,2750,0,5,12
EMP0152,Neha Mehta,HR,HR Generalist,45500,9850,4450,2000,0,10,12
EMP0153,Kiran Singh,Marketing,Content Strategist,55000,11450,6450,3600,0,0,12
EMP0154,Harish Subramanian,IT,Tech Lead,117500,23850,11600,9300,0,0,12
EMP0155,Usha Chauhan,R&D,R&D Manager,123000,25900,13900,5300,0,15,12
EMP0156,Vandana Acharya,Operations,Operations Executive,52500,10800,4600,4150,0,0,12
EMP0157,Neha Acharya,Finance,Finance Manager,95000,17700,11150,4650,0,10,12
EMP0158,Karthik Bose,Sales,Business Development Executive,44000,9000,4600,1900,0,20,12
EMP0159,Swati Kulkarni,Operations,Logistics Coordinator,41000,8750,3350,1700,0,5,12
EMP0160,Soumya Kapoor,IT,QA Engineer,60000,12100,6350,3150,0,15,12
EMP0161,Mahesh Sinha,HR,HR Executive,37500,7400,3750,1800,4550,10,12
EMP0162,Jyoti Mehta,Operations,Logistics Coordinator,57500,10600,5150,2600,3150,15,12
EMP0163,Satish Kapoor,Sales,Sales Manager,106000,20450,10950,5550,0,20,12
EMP0164,Vandana Subramanian,Marketing,SEO Specialist,45500,8350,4350,2650,0,0,12
EMP0165,Suresh Saxena,R&D,R&D Manager,138000,29500,14750,7100,8750,10,12
EMP0166,Naresh Chauhan,Operations,Operations Executive,47500,8650,4850,2600,4500,20,12
EMP0167,Geetha Tiwari,HR,HR Manager,83000,16250,9300,4450,0,5,12
EMP0168,Hema Venkatesh,Admin,Front Desk Executive,25500,4650,2200,1350,0,20,12
EMP0169,Aishwarya Mehta,Operations,Logistics Coordinator,50000,9350,6000,3500,6650,20,12
EMP0170,Dinesh Shetty,Marketing,SEO Specialist,45500,8850,4850,3600,0,0,12
EMP0171,Ramana Raman,Marketing,Marketing Manager,103000,18750,10200,6300,0,15,12
EMP0172,Manoj Chatterjee,IT,DevOps Engineer,90000,18700,7900,5200,0,5,12
EMP0173,Girish Venkatesh,R&D,R&D Manager,133000,24250,11350,6400,0,20,12
EMP0174,Yogesh Bhat,Finance,Auditor,62000,12000,5850,4400,0,10,12
EMP0175,Satish Raman,Sales,Sales Manager,88500,17900,7900,7000,6250,15,12
EMP0176,Arvind Raman,Operations,Logistics Coordinator,48500,9300,5000,3000,4100,5,12
EMP0177,Rekha Iyer,Marketing,Marketing Executive,46000,10000,4900,3200,0,10,12
EMP0178,Manisha Mukherjee,Finance,Accountant,59500,12450,5350,2500,4350,0,12
EMP0179,Ashok Nair,Finance,Accountant,57500,12600,4950,3800,0,5,12
EMP0180,Vinay Bhat,Marketing,Marketing Executive,37500,7750,3350,2600,5350,15,12
EMP0181,Ramesh Iyer,Admin,Office Manager,65500,14250,7750,5050,7000,0,12
EMP0182,Srinivas Saxena,R&D,R&D Manager,127000,25500,14700,5750,16600,10,12
EMP0183,Deepak Sinha,Marketing,Marketing Manager,80000,16750,8950,5000,10850,15,12
EMP0184,Pradeep Venkatesh,Operations,Operations Executive,47500,9800,4150,2150,3600,5,12
EMP0185,Roopa Mukherjee,Operations,Operations Manager,98500,20600,7950,6500,6100,10,12
EMP0186,Deepak Chauhan,Marketing,Marketing Executive,55000,11900,5050,3550,3600,20,12
EMP0187,Komal Kapoor,R&D,R&D Manager,135500,28000,12000,6750,0,0,12
EMP0188,Deepa Ghosh,Operations,Operations Executive,53000,9800,6000,4050,0,5,12
EMP0189,Nisha Acharya,R&D,Research Associate,56500,11800,5600,4300,3550,15,12
EMP0190,Subash Shetty,IT,DevOps Engineer,74500,15400,6900,3050,5350,0,12
EMP0191,Anjali Malhotra,Operations,Logistics Coordinator,42000,8450,3450,3200,0,10,12
EMP0192,Girish Das,Finance,Auditor,56500,12400,5400,4250,6700,20,12
EMP0193,Ritu Pandey,HR,HR Manager,97000,19000,8250,7700,0,10,12
EMP0194,Vandana Bhatt,Admin,Front Desk Executive,31000,6600,2800,1650,0,0,12
EMP0195,Vikram Kapoor,IT,Senior Software Engineer,86500,15800,9000,5000,0,5,12
EMP0196,Anjali Chauhan,R&D,Research Associate,67000,12650,7650,2850,8800,20,12
EMP0197,Arvind Shetty,Operations,Operations Executive,44500,9550,5300,2700,4700,20,12
EMP0198,Ramesh Malhotra,R&D,Research Associate,61000,13300,6500,4350,0,5,12
EMP0199,Mahesh Naidu,Finance,Auditor,52500,11250,4850,3600,0,20,12
EMP0200,Girish Kapoor,Finance,Auditor,52500,10000,4900,2250,5450,5,12
EMP0201,Suresh Mukherjee,Admin,Front Desk Executive,34500,7050,3950,1650,0,20,12
EMP0202,Pallavi Raman,Sales,Business Development Executive,49500,10800,4000,3850,7400,15,12
EMP0203,Asha Mishra,Sales,Regional Sales Head,149000,28250,13850,7650,0,10,12
EMP0204,Madhuri Trivedi,R&D,Research Scientist,93000,19750,10150,6550,7550,0,12
EMP0205,Vijay Menon,Finance,Accountant,48000,9700,4950,3300,3500,20,12
EMP0206,Asha Subramanian,Operations,Operations Manager,104000,22150,12350,6850,13450,5,12
EMP0207,Ritu Bhatt,R&D,Research Associate,67000,14700,7950,4100,8850,0,12
EMP0208,Rahul Kapoor,Finance,Financial Analyst,52000,10850,4200,3150,0,20,12
EMP0209,Preeti Subramanian,IT,Software Engineer,67000,13550,5400,4100,0,0,12
EMP0210,Mohit Malhotra,Finance,Accountant,43000,8650,3850,2800,5550,0,12
EMP0211,Komal Chauhan,R&D,R&D Manager,117500,25800,10450,7900,0,0,12
EMP0212,Pooja Chauhan,Admin,Office Manager,77500,15450,8150,5300,0,10,12
EMP0213,Vijay Nair,IT,Senior Software Engineer,86500,18700,9300,5400,0,10,12
EMP0214,Rashmi Shetty,IT,Senior Software Engineer,109500,23450,8850,5300,0,15,12
EMP0215,Divya Agarwal,Finance,Financial Analyst,68000,14500,6500,5150,0,5,12
EMP0216,Kiran Reddy,HR,HR Generalist,47000,10050,4400,3350,6000,0,12
EMP0217,Sandeep Ghosh,R&D,Research Associate,61000,12350,5800,2900,7750,10,12
EMP0218,Asha Singh,HR,Recruiter,39500,7700,4400,1800,2350,10,12
EMP0219,Anil Trivedi,Marketing,Marketing Executive,39000,7150,3800,2450,2300,20,12
EMP0220,Pooja Mishra,Operations,Operations Manager,80000,15350,7650,3450,0,5,12
EMP0221,Soumya Acharya,Finance,Auditor,50000,9300,4600,3000,0,15,12
EMP0222,Mahesh Raman,HR,Recruiter,43000,9350,4700,2550,0,5,12
EMP0223,Mahesh Sharma,Admin,Office Manager,79500,15500,9100,4600,0,20,12
EMP0224,Ritu Agarwal,Operations,Logistics Coordinator,46000,9150,4000,2550,0,15,12
EMP0225,Soumya Chatterjee,Operations,Operations Manager,88500,18800,8450,3950,0,20,12
EMP0226,Lakshmi Desai,IT,System Administrator,59500,12950,5250,4300,8000,15,12
EMP0227,Shilpa Mehta,Marketing,Marketing Manager,88000,18150,9550,6300,0,15,12
EMP0228,Akash Chauhan,Admin,Front Desk Executive,25500,5400,2400,1950,0,0,12
EMP0229,Meera Chatterjee,Operations,Operations Executive,54500,9900,6500,3650,0,15,12
EMP0230,Rajesh Bose,Sales,Sales Manager,94000,18350,9250,6300,14100,15,12
EMP0231,Meera Saxena,Admin,Admin Executive,31500,6700,3450,1700,0,20,12
EMP0232,Preeti Pandey,R&D,Research Associate,64000,13350,6300,2750,0,0,12
EMP0233,Bhavna Nair,Finance,Financial Analyst,66500,12450,5750,4150,6000,5,12
EMP0234,Lakshmi Malhotra,Admin,Admin Executive,41500,8500,3650,2650,0,5,12
EMP0235,Geetha Singh,HR,HR Manager,91500,17650,9000,4600,0,10,12
EMP0236,Ramana Naidu,Admin,Front Desk Executive,26500,5150,3000,1700,0,10,12
EMP0237,Satish Yadav,HR,HR Manager,90000,16600,8300,4250,0,15,12
EMP0238,Ramana Mehta,Admin,Office Manager,65500,13050,6650,5050,4350,10,12
EMP0239,Ritu Das,Operations,Operations Manager,99500,18100,9400,4000,0,20,12
EMP0240,Mohit Subramanian,Admin,Front Desk Executive,32500,6400,3700,1950,4100,10,12
EMP0241,Vikram Mukherjee,Sales,Business Development Executive,45000,9500,4600,3200,0,20,12
EMP0242,Sanjay Mukherjee,Operations,Logistics Coordinator,41000,8650,4000,2000,0,5,12
EMP0243,Mahesh Iyer,R&D,Research Scientist,101000,21650,8450,7550,0,5,12
EMP0244,Charu Pandey,Admin,Admin Executive,39500,7350,3500,1900,3100,20,12
EMP0245,Anita Bhat,Marketing,Content Strategist,68000,12950,7750,5400,9950,15,12
EMP0246,Kavya Mukherjee,Finance,Financial Analyst,57500,10700,5350,2850,3700,10,12
EMP0247,Sapna Naidu,R&D,Research Associate,70000,14800,7750,3950,0,10,12
EMP0248,Subash Subramanian,Operations,Logistics Coordinator,40000,8600,4550,1750,0,10,12
EMP0249,Arjun Bhatt,Admin,Admin Executive,45000,8850,4000,2300,4850,20,12
EMP0250,Dinesh Krishnan,IT,Software Engineer,53000,10850,6000,2150,5050,15,12
EMP0251,Mahesh Kulkarni,Marketing,Marketing Executive,46500,8850,4400,3550,3750,5,12
EMP0252,Pradeep Gupta,HR,HR Executive,38000,7550,3250,1850,4550,0,12
EMP0253,Pradeep Mehta,R&D,Research Associate,57000,11150,6250,2500,0,5,12
EMP0254,Yogesh Mehta,Finance,Accountant,56500,11450,5900,2650,7050,15,12
EMP0255,Satish Ghosh,Sales,Sales Executive,38000,7050,3250,2650,0,5,12
EMP0256,Asha Mukherjee,HR,HR Manager,97500,19900,10600,5000,13150,10,12
EMP0257,Naveen Acharya,Sales,Regional Sales Head,129000,26550,14350,9250,9550,20,12
EMP0258,Divya Acharya,IT,Tech Lead,129500,24950,12350,9550,0,5,12
EMP0259,Arjun Sharma,Marketing,Marketing Manager,81000,17550,9550,4550,0,15,12
EMP0260,Pradeep Chauhan,HR,HR Manager,88500,16250,7350,6800,7300,20,12
EMP0261,Arjun Agarwal,Admin,Front Desk Executive,40000,8550,3300,1750,0,20,12
EMP0262,Kavya Agarwal,Finance,Accountant,40000,8350,4300,1850,0,10,12
EMP0263,Anita Trivedi,Finance,Finance Manager,113000,24350,12550,4650,6350,20,12
EMP0264,Divya Subramanian,R&D,R&D Manager,121500,22150,13900,5650,0,20,12
EMP0265,Sanjay Menon,IT,Software Engineer,50000,9500,4950,2750,0,0,12
EMP0266,Gaurav Kapoor,Sales,Business Development Executive,47500,9350,5150,2400,4750,0,12
EMP0267,Ramesh Menon,IT,QA Engineer,42000,9050,4800,3000,4000,10,12
EMP0268,Shreya Saxena,Marketing,Marketing Manager,94500,18400,11250,7550,0,20,12
EMP0269,Asha Joshi,IT,QA Engineer,40500,7650,3800,3000,0,0,12
EMP0270,Yogesh Agarwal,HR,HR Manager,96500,21150,9350,7550,7550,0,12
EMP0271,Sunita Acharya,Admin,Front Desk Executive,39000,7600,4650,1700,5150,0,12
EMP0272,Charu Shetty,IT,QA Engineer,44000,8350,4000,2300,0,10,12
EMP0273,Arvind Ghosh,Marketing,Marketing Manager,82000,17850,7000,5800,7800,10,12
EMP0274,Sunil Pandey,Sales,Regional Sales Head,129500,25700,14800,5650,15600,20,12
EMP0275,Anjali Pillai,Operations,Operations Executive,37500,7800,4450,2100,4950,5,12
EMP0276,Sneha Chauhan,R&D,R&D Manager,133500,26950,11200,5900,7500,5,12
EMP0277,Vivek Rao,Admin,Office Manager,81500,16700,8600,5150,0,0,12
EMP0278,Arjun Rao,R&D,Research Associate,52500,11350,5950,2800,0,5,12
EMP0279,Soumya Malhotra,Admin,Office Manager,60500,11800,5850,3300,5700,5,12
EMP0280,Vikram Tiwari,Sales,Business Development Executive,55500,10900,5650,2350,3900,20,12
EMP0281,Asha Bhatt,IT,QA Engineer,51000,10150,5650,2750,3950,0,12
EMP0282,Arvind Mishra,Sales,Sales Executive,43500,7950,5200,2650,0,5,12
EMP0283,Rajesh Chatterjee,Sales,Business Development Executive,57000,12100,6650,2400,7700,15,12
EMP0284,Sarita Das,Finance,Financial Analyst,68500,13200,7500,3700,0,10,12
EMP0285,Vijay Shetty,Finance,Financial Analyst,65500,13200,5700,2700,0,0,12
EMP0286,Deepa Raman,IT,Tech Lead,129000,26400,14500,6900,0,10,12
EMP0287,Kavya Verma,Finance,Financial Analyst,74500,13750,7550,4050,0,15,12
EMP0288,Charu Nair,Operations,Operations Manager,90000,16700,7750,7000,0,10,12
EMP0289,Ramesh Desai,Operations,Operations Executive,53500,11350,5100,3700,2700,20,12
EMP0290,Abhishek Shetty,IT,Senior Software Engineer,99000,19100,11100,6400,9850,10,12
EMP0291,Divya Chatterjee,Operations,Operations Manager,85000,17450,10050,6200,0,10,12
EMP0292,Roopa Sharma,Marketing,Marketing Manager,87500,18200,8250,6250,8200,15,12
EMP0293,Anita Kapoor,R&D,Research Scientist,101000,20400,8500,6000,0,5,12
EMP0294,Deepak Ghosh,HR,HR Executive,39500,7150,3550,1750,0,5,12
EMP0295,Divya Desai,HR,Recruiter,54000,11850,6250,3700,0,20,12
EMP0296,Kavita Kulkarni,IT,Software Engineer,60500,11400,5300,4100,0,10,12
EMP0297,Vinay Agarwal,Sales,Sales Executive,36500,7150,3700,2200,2150,20,12
EMP0298,Preeti Rao,HR,HR Executive,38000,7100,3500,1650,3400,15,12
EMP0299,Madhuri Gupta,Admin,Admin Executive,35500,7650,3350,2050,0,5,12
EMP0300,Sandeep Shetty,IT,Senior Software Engineer,104000,21600,8700,6950,0,20,12
EMP0301,Sunita Desai,IT,QA Engineer,56500,11100,5750,4200,0,15,12
EMP0302,Mahesh Gupta,Admin,Front Desk Executive,25500,5100,2950,1850,0,0,12
EMP0303,Roopa Das,Finance,Financial Analyst,56000,10350,5450,4450,0,5,12
EMP0304,Ramana Bose,Operations,Logistics Coordinator,42000,7700,4300,2600,0,0,12
EMP0305,Aarti Yadav,Admin,Admin Executive,36500,6800,3750,2300,2200,0,12
EMP0306,Vinay Bhatt,Operations,Operations Manager,88000,17200,8750,5650,5650,20,12
EMP0307,Jyoti Iyer,Admin,Office Manager,82000,15550,9000,6300,10800,10,12
EMP0308,Usha Mukherjee,R&D,R&D Manager,131500,24200,15100,5950,0,10,12
EMP0309,Sandeep Kapoor,HR,HR Manager,94000,17700,10600,6550,0,0,12
EMP0310,Aishwarya Kulkarni,HR,Recruiter,51000,10000,5650,3100,7000,5,12
EMP0311,Kavya Chatterjee,IT,QA Engineer,41500,9000,4500,2100,0,0,12
EMP0312,Komal Subramanian,R&D,Research Associate,65000,13250,6100,3050,0,0,12
EMP0313,Vinay Verma,Admin,Admin Executive,32500,6950,3600,1600,2300,15,12
EMP0314,Aishwarya Verma,IT,QA Engineer,44000,9050,4600,1750,0,10,12
EMP0315,Geetha Malhotra,Admin,Office Manager,74500,14150,7350,5000,4500,20,12
EMP0316,Komal Desai,Marketing,Content Strategist,53000,10550,4950,2700,6150,10,12
EMP0317,Ajay Joshi,Sales,Sales Executive,54000,10600,5000,2450,0,10,12
EMP0318,Madhuri Kapoor,Admin,Office Manager,83500,15150,9050,5250,0,5,12
EMP0319,Sarita Venkatesh,Marketing,Marketing Manager,106500,21950,10900,5500,0,20,12
EMP0320,Lakshmi Krishnan,HR,HR Manager,91000,17200,10450,5150,9900,15,12
EMP0321,Neha Raman,IT,System Administrator,63500,12900,6650,3750,7500,20,12
EMP0322,Mahesh Kapoor,IT,Senior Software Engineer,84000,18450,7850,6700,0,5,12
EMP0323,Arvind Das,HR,HR Generalist,50500,10350,4400,3300,6350,5,12
EMP0324,Soumya Kulkarni,R&D,Research Associate,54000,11050,5700,3050,2900,5,12
EMP0325,Komal Sharma,Operations,Logistics Coordinator,46000,8300,3700,3200,0,10,12
EMP0326,Vivek Nair,Admin,Front Desk Executive,34000,6550,2800,1400,0,20,12
EMP0327,Ramana Acharya,Operations,Operations Manager,108000,22400,9200,8600,0,5,12
EMP0328,Jyoti Verma,Sales,Sales Manager,103000,22600,9100,4200,12450,0,12
EMP0329,Yogesh Bose,IT,DevOps Engineer,61500,12700,6550,2500,0,15,12
EMP0330,Neha Desai,Marketing,SEO Specialist,49500,9300,5300,2000,5050,20,12
EMP0331,Hema Mehta,Admin,Admin Executive,38000,7950,3200,1700,2650,10,12
EMP0332,Sarita Kapoor,Marketing,Marketing Manager,81000,16350,9450,5450,4150,0,12
EMP0333,Sanjay Shetty,R&D,Research Associate,52500,11100,4350,3600,0,15,12
EMP0334,Rekha Bose,R&D,Research Associate,53000,11250,6100,3950,0,15,12
EMP0335,Sanjay Nair,IT,Software Engineer,54000,11150,4700,2950,0,0,12
EMP0336,Komal Krishnan,Finance,Accountant,52500,10300,5150,3850,0,15,12
EMP0337,Anita Patel,Finance,Accountant,45000,8300,5250,2650,0,20,12
EMP0338,Yogesh Pandey,IT,System Administrator,49000,9750,4900,3700,5650,0,12
EMP0339,Deepa Shetty,Sales,Business Development Executive,56500,11350,6100,2500,4800,15,12
EMP0340,Swati Desai,IT,Software Engineer,55000,11000,5450,3300,0,10,12
EMP0341,Harish Krishnan,Marketing,Marketing Executive,51000,9650,5400,2850,0,20,12
EMP0342,Roopa Gupta,R&D,Research Scientist,100000,18450,10000,6600,0,20,12
EMP0343,Aarti Agarwal,Sales,Regional Sales Head,150000,29050,16950,10900,19000,20,12
EMP0344,Ashok Trivedi,R&D,Research Associate,53000,11150,4700,2850,0,10,12
EMP0345,Gaurav Acharya,Operations,Logistics Coordinator,43000,7800,3700,1950,0,0,12
EMP0346,Praveen Tiwari,Sales,Sales Manager,83500,18150,8000,4850,0,0,12
EMP0347,Sapna Iyer,HR,HR Generalist,54500,11250,6450,2450,0,0,12
EMP0348,Gaurav Malhotra,R&D,R&D Manager,134500,29150,11700,8500,11950,20,12
EMP0349,Hema Bhat,Admin,Office Manager,79000,17100,8750,4000,0,15,12
EMP0350,Ritu Mehta,Admin,Front Desk Executive,36000,7750,3600,2650,4450,20,12
EMP0351,Pallavi Rao,Sales,Business Development Executive,61500,11900,6550,4850,0,20,12
EMP0352,Rashmi Bhat,HR,Recruiter,52500,10450,5400,3500,0,20,12
EMP0353,Priya Acharya,HR,HR Executive,41000,7600,4400,1950,3250,10,12
EMP0354,Manoj Reddy,Marketing,Marketing Manager,104000,20950,9800,6050,0,20,12
EMP0355,Gopal Desai,Admin,Admin Executive,38000,8050,4250,1950,0,15,12
EMP0356,Sapna Bhat,IT,Software Engineer,58000,10900,6650,4300,6600,10,12
EMP0357,Charu Bhatt,Sales,Sales Manager,89000,17600,10600,3850,0,0,12
EMP0358,Yogesh Iyer,Admin,Office Manager,77500,14750,6700,5700,0,5,12
EMP0359,Anjali Joshi,Operations,Logistics Coordinator,41500,8750,4350,3050,0,20,12
EMP0360,Sarita Singh,Operations,Logistics Coordinator,47000,10250,4750,3350,0,15,12
EMP0361,Pooja Pandey,Sales,Sales Manager,101000,19500,9550,4900,0,20,12
EMP0362,Priya Patel,Operations,Operations Manager,87500,18900,9150,5650,0,10,12
EMP0363,Yogesh Patel,Admin,Office Manager,77000,16100,6250,4650,0,20,12
EMP0364,Roopa Subramanian,IT,Tech Lead,128500,26500,11950,5550,0,20,12
EMP0365,Sunil Sharma,HR,HR Manager,100000,21100,11450,5700,0,15,12
EMP0366,Divya Joshi,IT,QA Engineer,50500,9150,4200,2400,6650,10,12
EMP0367,Girish Naidu,R&D,R&D Manager,122500,24150,9900,8200,0,20,12
EMP0368,Arjun Yadav,IT,System Administrator,47000,9150,4700,2400,0,10,12
EMP0369,Anil Naidu,Admin,Front Desk Executive,25000,4950,2550,1150,0,20,12
EMP0370,Rekha Joshi,Marketing,Content Strategist,50000,10100,5100,2250,0,20,12
EMP0371,Gaurav Gupta,Marketing,Marketing Manager,103500,21700,11300,5000,0,5,12
EMP0372,Deepak Das,Sales,Business Development Executive,46000,8500,4900,2900,0,20,12
EMP0373,Vandana Desai,HR,Recruiter,37000,7050,3250,2350,4350,5,12
EMP0374,Rajesh Saxena,HR,HR Manager,90000,17950,8400,5950,9600,10,12
EMP0375,Pradeep Kulkarni,IT,Tech Lead,107500,22750,11650,7050,12700,10,12
EMP0376,Preeti Sinha,R&D,Research Scientist,114500,22000,11700,5400,0,5,12
EMP0377,Sunil Rao,Marketing,Marketing Executive,37000,8000,4200,2400,0,20,12
EMP0378,Pallavi Iyer,Marketing,SEO Specialist,49500,9650,4400,3500,4800,20,12
EMP0379,Naresh Venkatesh,IT,System Administrator,52500,11250,5900,3400,0,15,12
EMP0380,Manoj Raman,Operations,Operations Executive,42000,8850,3750,2100,0,20,12
EMP0381,Naresh Naidu,R&D,Research Scientist,118000,21450,14050,6250,0,10,12
EMP0382,Madhuri Yadav,Finance,Auditor,57000,11100,6050,4200,8000,20,12
EMP0383,Jyoti Pandey,Operations,Operations Manager,105000,20900,10950,6300,6050,10,12
EMP0384,Pallavi Joshi,Finance,Financial Analyst,61500,12550,6950,4100,3750,15,12
EMP0385,Preeti Pillai,Finance,Auditor,45500,8650,3850,2900,0,20,12
EMP0386,Anita Bose,Finance,Auditor,64000,14000,6750,4800,0,0,12
EMP0387,Pallavi Ghosh,R&D,Research Scientist,95000,17950,9150,4350,0,20,12
EMP0388,Aishwarya Bose,Finance,Finance Manager,119500,23700,12400,5900,8400,20,12
EMP0389,Sapna Joshi,HR,HR Manager,95000,20550,9900,7150,0,0,12
EMP0390,Preeti Mehta,IT,System Administrator,58500,11750,5550,2450,7600,15,12
EMP0391,Kiran Yadav,HR,HR Generalist,44000,8350,4850,3350,0,20,12
EMP0392,Girish Bose,Sales,Sales Executive,35000,7100,2950,1400,0,10,12
EMP0393,Girish Trivedi,HR,HR Manager,93500,19250,8450,6950,7250,15,12
EMP0394,Naveen Kapoor,R&D,Research Associate,61500,12450,6100,4900,0,15,12
EMP0395,Ritu Patel,Sales,Regional Sales Head,145000,30150,12550,7050,15250,0,12
EMP0396,Deepak Naidu,IT,Software Engineer,54500,10850,5650,2350,6050,15,12
EMP0397,Jyoti Tiwari,Marketing,Marketing Executive,40500,8350,3950,1950,0,10,12
EMP0398,Ajay Iyer,Sales,Sales Manager,101500,18400,9100,4050,0,15,12
EMP0399,Sarita Chauhan,Admin,Front Desk Executive,28000,5600,3050,1200,3700,20,12
EMP0400,Kiran Pandey,Marketing,Marketing Manager,99000,21650,9700,5550,9950,20,12
EMP0401,Divya Venkatesh,Marketing,Content Strategist,53500,11350,6350,4000,0,15,12
EMP0402,Yogesh Shetty,R&D,Research Associate,60500,13200,5950,3550,3750,0,12
EMP0403,Yogesh Menon,Sales,Business Development Executive,53000,11550,5350,2150,3150,10,12
EMP0404,Ramesh Raman,Operations,Operations Manager,86500,18650,7850,6750,0,15,12
EMP0405,Shreya Chatterjee,Sales,Business Development Executive,46500,8800,5250,3400,0,0,12
EMP0406,Karthik Subramanian,IT,DevOps Engineer,61000,13050,5800,3200,0,20,12
EMP0407,Geetha Subramanian,Finance,Finance Manager,102500,19350,10550,4300,0,20,12
EMP0408,Vikram Venkatesh,Operations,Operations Manager,107500,22300,9350,8500,0,0,12
EMP0409,Priya Pillai,Admin,Front Desk Executive,26500,5100,2750,1350,2550,20,12
EMP0410,Bhavna Trivedi,Finance,Auditor,58500,11000,6300,3200,4000,5,12
EMP0411,Soumya Menon,HR,Recruiter,42500,8600,4850,2050,0,15,12
EMP0412,Priya Das,Admin,Office Manager,64000,14050,7300,3900,0,10,12
EMP0413,Praveen Desai,IT,QA Engineer,43000,8950,3550,3100,0,15,12
EMP0414,Srinivas Bose,Operations,Operations Manager,97500,19700,10950,5250,11500,20,12
EMP0415,Shreya Shetty,Finance,Finance Manager,101000,19500,10150,7150,11250,15,12
EMP0416,Manoj Kulkarni,Operations,Operations Manager,100000,20450,9600,7650,8150,10,12
EMP0417,Sandeep Mishra,Admin,Office Manager,74000,15650,8700,5150,0,5,12
EMP0418,Lakshmi Verma,Finance,Financial Analyst,71000,13500,7800,4950,4250,15,12
EMP0419,Gaurav Reddy,IT,QA Engineer,56500,11900,4700,2850,0,15,12
EMP0420,Usha Menon,Sales,Business Development Executive,54000,11050,4600,3950,0,10,12
EMP0421,Ashok Sinha,Marketing,SEO Specialist,49000,10700,5300,2300,0,20,12
EMP0422,Kavita Acharya,Marketing,Content Strategist,65000,13100,7300,3750,5200,0,12
EMP0423,Ravi Mehta,Operations,Operations Manager,95000,19150,10200,5650,12050,10,12
EMP0424,Ramana Menon,IT,DevOps Engineer,71500,13400,8250,4100,0,15,12
EMP0425,Pradeep Chatterjee,Marketing,Content Strategist,67000,14250,6450,4950,7600,20,12
EMP0426,Aarti Subramanian,Sales,Business Development Executive,40500,7550,4800,1650,2550,15,12
EMP0427,Priya Menon,HR,HR Manager,80000,16000,7500,4200,0,15,12
EMP0428,Vikram Krishnan,HR,HR Manager,81500,15550,7800,5050,0,10,12
EMP0429,Yogesh Sharma,HR,HR Manager,92000,19400,9000,6400,0,0,12
EMP0430,Ravi Pillai,R&D,Research Scientist,111500,24350,13100,5150,0,20,12
EMP0431,Ravi Patel,Marketing,SEO Specialist,65000,12500,6150,2750,0,5,12
EMP0432,Kavita Bhat,IT,Senior Software Engineer,105000,20050,8900,7500,13500,15,12
EMP0433,Ramana Joshi,Operations,Operations Executive,42500,7900,3550,2750,0,0,12
EMP0434,Kavya Pandey,Finance,Accountant,44000,8800,4100,2750,6100,5,12
EMP0435,Amit Naidu,Operations,Logistics Coordinator,44000,8350,3600,3000,0,15,12
EMP0436,Ajay Shetty,Finance,Finance Manager,100000,20950,9100,7350,0,0,12
EMP0437,Deepa Joshi,R&D,Research Scientist,116000,22100,11000,4650,7950,0,12
EMP0438,Aarti Trivedi,Sales,Business Development Executive,63000,11500,7500,4600,0,20,12
EMP0439,Swati Tiwari,Marketing,Content Strategist,63000,12950,5300,3850,0,5,12
EMP0440,Shreya Nair,R&D,Research Associate,53000,9600,5600,2950,0,20,12
EMP0441,Praveen Reddy,Operations,Operations Executive,54000,11250,4350,4150,0,0,12
EMP0442,Vandana Reddy,Operations,Logistics Coordinator,53000,11300,5900,2250,0,0,12
EMP0443,Mahesh Singh,Sales,Sales Executive,38000,7950,3850,1800,4300,5,12
EMP0444,Manisha Desai,Admin,Front Desk Executive,26500,5600,2750,1750,0,0,12
EMP0445,Gaurav Chauhan,Operations,Logistics Coordinator,45000,9050,4700,3500,0,10,12
EMP0446,Hema Chatterjee,Sales,Regional Sales Head,144500,29200,15850,7850,0,0,12
EMP0447,Vikram Saxena,IT,DevOps Engineer,64000,14050,5900,3350,0,0,12
EMP0448,Geetha Desai,Finance,Accountant,41000,8150,3550,2050,3100,10,12
EMP0449,Pooja Shetty,Admin,Front Desk Executive,39500,7450,3300,2100,0,20,12
EMP0450,Rajesh Mishra,Marketing,Marketing Executive,53000,10350,5900,4050,0,15,12
EMP0451,Sapna Patel,Sales,Sales Executive,55000,11600,5250,2850,0,5,12
EMP0452,Nisha Venkatesh,Sales,Sales Manager,81500,16850,9750,6450,0,0,12
EMP0453,Gopal Malhotra,Marketing,SEO Specialist,49500,9150,4100,3100,2900,20,12
EMP0454,Ritu Raman,Sales,Regional Sales Head,132500,27300,11650,8550,7550,15,12
EMP0455,Nisha Shetty,HR,HR Executive,45500,8950,4300,2150,0,10,12
EMP0456,Anita Pandey,R&D,R&D Manager,114500,22650,13400,5650,14050,0,12
EMP0457,Sanjay Reddy,Sales,Sales Manager,107500,22950,9850,5800,10450,10,12
EMP0458,Naveen Bhatt,Sales,Sales Manager,97000,19500,8750,5750,11650,0,12
EMP0459,Yogesh Yadav,IT,Tech Lead,105000,19150,9250,7150,0,0,12
EMP0460,Arjun Naidu,Marketing,Content Strategist,53000,9600,6100,3500,7850,0,12
EMP0461,Ramana Bhatt,HR,HR Manager,86000,17200,8450,6650,8850,10,12
EMP0462,Dinesh Chauhan,Finance,Accountant,51000,10600,4800,2650,0,10,12
EMP0463,Kavya Bose,Admin,Admin Executive,45000,9100,4100,2050,0,0,12
EMP0464,Yogesh Acharya,Sales,Regional Sales Head,127500,25850,12350,6700,0,5,12
EMP0465,Naveen Mehta,Sales,Sales Manager,89500,18550,10400,6850,0,5,12
EMP0466,Vijay Kulkarni,Operations,Operations Executive,52500,10550,5700,2500,2800,10,12
EMP0467,Mahesh Ghosh,Marketing,Marketing Manager,104500,19600,8900,4300,0,20,12
EMP0468,Vijay Tiwari,Sales,Sales Manager,87000,18050,8200,5850,0,20,12
EMP0469,Lakshmi Naidu,R&D,Research Scientist,94000,17550,8350,5300,0,15,12
EMP0470,Naveen Singh,Finance,Auditor,64500,12850,6000,3750,0,0,12
EMP0471,Hema Naidu,Operations,Operations Manager,99500,21650,10250,6100,0,0,12
EMP0472,Ravi Nair,R&D,Research Scientist,116000,24950,13350,5800,0,0,12
EMP0473,Manisha Naidu,IT,Senior Software Engineer,89000,17600,10250,6300,7050,0,12
EMP0474,Ravi Joshi,R&D,R&D Manager,124000,22750,12400,5850,0,20,12
EMP0475,Ritu Chauhan,Admin,Office Manager,74000,13400,7250,5600,0,0,12
EMP0476,Praveen Bhat,Finance,Accountant,42500,7850,4150,2300,5500,20,12
EMP0477,Satish Kulkarni,Admin,Front Desk Executive,31000,5650,2700,1650,0,5,12
EMP0478,Manoj Das,IT,QA Engineer,49500,9500,5500,2850,3150,5,12
EMP0479,Rahul Tiwari,Marketing,Marketing Executive,49500,9900,4950,3600,0,5,12
EMP0480,Charu Raman,R&D,Research Scientist,104000,19050,10800,5200,0,20,12
EMP0481,Naveen Reddy,Finance,Financial Analyst,51500,10600,4200,3800,0,10,12
EMP0482,Srinivas Gupta,IT,Software Engineer,63000,13850,5450,3250,0,20,12
EMP0483,Manisha Das,R&D,R&D Manager,128500,25000,10450,9100,0,0,12
EMP0484,Arjun Saxena,R&D,Research Associate,53500,11100,4850,3250,0,20,12
EMP0485,Kavya Nair,HR,HR Generalist,59000,12800,7050,3050,6050,20,12
EMP0486,Sarita Mehta,R&D,R&D Manager,133000,27300,13250,6300,0,5,12
EMP0487,Rahul Patel,IT,QA Engineer,60000,12700,6550,2900,0,0,12
EMP0488,Manisha Pillai,IT,System Administrator,51000,10600,4600,2200,0,0,12
EMP0489,Sanjay Krishnan,Operations,Operations Manager,103000,20900,12200,7550,0,15,12
EMP0490,Ashok Iyer,Finance,Auditor,49500,10150,5750,3050,0,15,12
EMP0491,Kavya Acharya,Marketing,Content Strategist,67500,13600,5950,4550,0,10,12
EMP0492,Arjun Joshi,Marketing,Marketing Executive,45500,10000,4800,3350,5000,10,12
EMP0493,Arvind Iyer,Marketing,SEO Specialist,47500,9500,4250,2750,3800,0,12
EMP0494,Komal Iyer,Sales,Sales Executive,49000,9800,5500,3750,4800,20,12
EMP0495,Usha Bhat,Finance,Accountant,56500,11700,4800,3900,0,20,12
EMP0496,Sanjay Sharma,Marketing,Marketing Executive,54000,11600,5050,4100,0,10,12
EMP0497,Amit Shetty,Marketing,Marketing Manager,90000,16900,8250,5500,0,10,12
EMP0498,Geetha Patel,IT,DevOps Engineer,77500,15550,6850,4200,9350,10,12
EMP0499,Usha Tiwari,Operations,Logistics Coordinator,54000,9850,4400,4100,3150,15,12
EMP0500,Ramesh Mishra,R&D,R&D Manager,121000,23300,13650,8300,0,15,12
EMP0501,Vijay Mehta,HR,HR Generalist,43000,8500,4600,2950,3100,20,12
EMP0502,Abhishek Das,Operations,Operations Manager,94500,18850,7800,4200,0,10,12
EMP0503,Soumya Mehta,HR,HR Generalist,43000,8300,4550,3100,0,15,12
EMP0504,Harish Tiwari,Sales,Sales Manager,95000,18550,8900,6900,0,15,12
EMP0505,Vijay Krishnan,Sales,Sales Manager,101000,20900,11050,6900,11050,10,12
EMP0506,Manisha Nair,R&D,Research Associate,59500,13000,4950,2650,0,15,12
EMP0507,Nisha Subramanian,IT,Software Engineer,56500,12000,6550,4300,3650,5,12
EMP0508,Roopa Bhatt,Marketing,SEO Specialist,64500,13100,5650,4350,0,10,12
EMP0509,Kavita Pandey,HR,HR Executive,44500,9750,4300,2000,4650,0,12
EMP0510,Rahul Desai,Operations,Operations Executive,44000,9450,3950,3000,3900,15,12
EMP0511,Kavita Bhatt,Sales,Sales Manager,95000,17650,9700,7000,0,10,12
EMP0512,Vivek Mehta,IT,Software Engineer,50500,9400,5850,3350,3200,15,12
EMP0513,Subash Mishra,Admin,Front Desk Executive,27500,5450,2650,2000,2550,0,12
EMP0514,Soumya Subramanian,Sales,Business Development Executive,53000,11500,5450,2200,0,10,12
EMP0515,Sanjay Yadav,R&D,R&D Manager,112500,20900,12300,8950,0,15,12
EMP0516,Ravi Gupta,HR,HR Manager,95000,19500,10100,6350,0,20,12
EMP0517,Suresh Krishnan,IT,QA Engineer,54500,10950,5400,3800,0,10,12
EMP0518,Rekha Kulkarni,IT,System Administrator,64000,13450,7000,4000,0,5,12
EMP0519,Soumya Reddy,Marketing,Marketing Executive,44000,8750,3750,1900,4900,10,12
EMP0520,Sanjay Mishra,Finance,Financial Analyst,71000,14050,7950,3600,0,20,12
EMP0521,Karthik Joshi,Finance,Auditor,58000,12250,5200,3350,7150,10,12
EMP0522,Suresh Bose,HR,HR Executive,37500,7450,3700,2200,0,5,12
EMP0523,Yogesh Naidu,R&D,Research Scientist,94500,19000,9200,4850,7700,20,12
EMP0524,Anjali Nair,Operations,Operations Manager,99500,21550,11400,5300,11500,15,12
EMP0525,Vandana Chatterjee,Sales,Business Development Executive,61500,12750,5350,3800,0,0,12
EMP0526,Girish Nair,HR,HR Generalist,51000,9650,4650,2450,7350,5,12
EMP0527,Ramana Patel,HR,HR Executive,48500,9900,4600,3400,0,5,12
EMP0528,Sanjay Das,Marketing,Content Strategist,64500,13300,5350,3750,0,10,12
EMP0529,Praveen Kulkarni,HR,Recruiter,36500,7150,3400,1550,3450,15,12
EMP0530,Shreya Tiwari,Admin,Admin Executive,40000,8000,3450,2850,0,15,12
EMP0531,Madhuri Nair,IT,Software Engineer,52000,10550,4700,3000,5950,0,12
EMP0532,Tanvi Mukherjee,Finance,Finance Manager,118500,23200,9500,8100,0,15,12
EMP0533,Gopal Sharma,Admin,Front Desk Executive,38000,8050,3200,2350,3050,0,12
EMP0534,Pooja Trivedi,Operations,Operations Executive,49500,10400,4550,2400,0,5,12
EMP0535,Meera Pandey,R&D,Research Associate,70000,13850,6150,2900,0,5,12
EMP0536,Dinesh Naidu,HR,Recruiter,50500,10150,5750,2950,2800,0,12
EMP0537,Pallavi Acharya,R&D,R&D Manager,137500,29550,11800,8700,8800,0,12
EMP0538,Ashok Tiwari,IT,Senior Software Engineer,102000,21000,8200,6650,0,0,12
EMP0539,Subash Tiwari,Finance,Accountant,43000,7950,4450,2800,3600,15,12
EMP0540,Nisha Patel,Finance,Finance Manager,116500,25450,10300,4850,9000,15,12
EMP0541,Gaurav Kulkarni,R&D,Research Associate,68500,12450,5750,5050,0,0,12
EMP0542,Dinesh Gupta,IT,Software Engineer,55500,12050,6000,3550,0,15,12
EMP0543,Vivek Pillai,Finance,Finance Manager,106500,21100,9550,5000,0,15,12
EMP0544,Satish Gupta,Marketing,Content Strategist,63000,11350,5650,2800,5450,20,12
EMP0545,Mohit Menon,R&D,R&D Manager,131000,24650,10750,5850,0,15,12
EMP0546,Shilpa Das,Finance,Accountant,41500,8550,3800,2400,0,15,12
EMP0547,Suresh Bhatt,Finance,Financial Analyst,75000,13600,7550,3200,0,20,12
EMP0548,Nisha Kapoor,Sales,Business Development Executive,47000,9900,4350,2050,0,15,12
EMP0549,Gopal Singh,R&D,R&D Manager,125500,22850,12250,6100,10950,15,12
EMP0550,Ajay Pandey,Marketing,Marketing Manager,90500,16750,9750,3850,0,15,12
EMP0551,Sapna Kulkarni,Operations,Operations Executive,44000,9000,4900,2900,6450,5,12
EMP0552,Pooja Kapoor,R&D,Research Associate,68500,13650,6750,2800,0,5,12
EMP0553,Nisha Malhotra,Sales,Sales Manager,109000,22100,8750,8650,0,20,12
EMP0554,Vikram Malhotra,Admin,Office Manager,82000,17450,8050,4050,10100,5,12
EMP0555,Vivek Pandey,Marketing,Marketing Manager,100500,22100,8100,6700,0,20,12
EMP0556,Akash Verma,R&D,Research Scientist,114500,21250,12400,5450,0,0,12
EMP0557,Divya Naidu,Operations,Logistics Coordinator,41000,7850,4500,2800,0,5,12
EMP0558,Karthik Tiwari,Operations,Logistics Coordinator,41500,8300,4850,2250,4000,0,12
EMP0559,Naresh Trivedi,Finance,Accountant,57500,12000,5050,4550,5650,20,12
EMP0560,Naveen Menon,Operations,Operations Manager,108500,20700,11650,5550,10700,20,12
EMP0561,Sunil Bhatt,Marketing,SEO Specialist,64500,12550,6900,4350,0,5,12
EMP0562,Karthik Chauhan,Finance,Finance Manager,92000,16950,8400,6250,0,20,12
EMP0563,Amit Saxena,Admin,Front Desk Executive,33500,7300,3300,1900,2300,0,12
EMP0564,Srinivas Kapoor,Operations,Logistics Coordinator,50000,9950,5350,3050,0,20,12
EMP0565,Vivek Agarwal,Finance,Finance Manager,97000,19350,11550,6850,9250,5,12
EMP0566,Aarti Kulkarni,Marketing,Marketing Manager,85500,18250,9200,5700,4650,10,12
EMP0567,Anil Bose,Operations,Operations Executive,41500,8400,3400,2200,4300,5,12
EMP0568,Sunil Agarwal,HR,HR Executive,41000,8900,4550,3200,6050,20,12
EMP0569,Mohit Krishnan,Marketing,SEO Specialist,54000,11800,5950,4300,0,15,12
EMP0570,Preeti Iyer,Finance,Accountant,49500,8950,5200,2400,5500,5,12
EMP0571,Akash Acharya,Sales,Business Development Executive,46000,8300,4650,2650,4650,5,12
EMP0572,Dinesh Bhat,IT,System Administrator,56500,11050,6150,3250,4750,10,12
EMP0573,Roopa Desai,HR,HR Manager,94000,19700,9100,5400,0,15,12
EMP0574,Sapna Mehta,HR,HR Manager,86500,16600,10350,5300,0,20,12
EMP0575,Yogesh Gupta,IT,QA Engineer,60000,13000,5800,3750,0,5,12
EMP0576,Shreya Das,Admin,Office Manager,77500,15450,8750,4050,0,15,12
EMP0577,Gopal Verma,IT,Senior Software Engineer,88000,16900,9300,5750,0,10,12
EMP0578,Sapna Das,R&D,R&D Manager,130500,24750,11050,6650,16250,20,12
EMP0579,Preeti Shetty,Admin,Office Manager,80000,16600,9500,5800,0,0,12
EMP0580,Madhuri Kulkarni,IT,Senior Software Engineer,90000,17850,9700,4900,10250,10,12
EMP0581,Rekha Acharya,HR,HR Manager,100000,18750,8400,7000,0,10,12
EMP0582,Sandeep Trivedi,HR,Recruiter,39500,7150,4000,2150,5550,0,12
EMP0583,Ajay Desai,HR,HR Generalist,54500,11800,4600,2450,6500,5,12
EMP0584,Anil Mishra,Operations,Operations Executive,44500,8050,5000,2200,3250,5,12
EMP0585,Karthik Malhotra,HR,HR Executive,35000,7400,3850,1450,0,20,12
EMP0586,Charu Reddy,R&D,Research Associate,58000,10550,5350,2350,6400,20,12
EMP0587,Kiran Verma,HR,HR Manager,88500,19300,8300,4100,0,5,12
EMP0588,Mohit Shetty,HR,HR Executive,48000,9750,3850,2350,6750,20,12
EMP0589,Rahul Nair,Sales,Regional Sales Head,131500,27350,11500,8800,0,15,12
EMP0590,Pradeep Pillai,Sales,Regional Sales Head,123500,26000,11450,7250,0,10,12
EMP0591,Vinay Desai,IT,Software Engineer,60000,12000,5700,3500,0,15,12
EMP0592,Girish Saxena,Admin,Admin Executive,43500,7950,4950,2550,6500,15,12
EMP0593,Meera Chauhan,R&D,R&D Manager,131000,27100,11100,7300,0,5,12
EMP0594,Arjun Trivedi,Sales,Business Development Executive,46000,9350,5500,2050,0,10,12
EMP0595,Akash Yadav,Marketing,SEO Specialist,56000,11150,5850,3150,7100,0,12
EMP0596,Neha Bose,R&D,Research Scientist,97000,19900,8300,4250,11450,5,12
EMP0597,Yogesh Mishra,Operations,Operations Executive,44500,9100,3750,1900,0,15,12
EMP0598,Shilpa Subramanian,Marketing,Content Strategist,67000,13500,7900,2750,0,15,12
EMP0599,Roopa Bhat,Admin,Office Manager,74500,13500,6500,4950,0,5,12
EMP0600,Dinesh Malhotra,Finance,Finance Manager,112500,22000,12450,7050,0,20,12
EMP0601,Soumya Raman,R&D,R&D Manager,137000,25500,11250,6900,16100,10,12
EMP0602,Nisha Reddy,IT,DevOps Engineer,61000,11300,5750,4400,0,10,12
EMP0603,Yogesh Nair,Admin,Office Manager,71000,13950,5850,3550,4150,0,12
EMP0604,Usha Patel,Operations,Operations Executive,35500,7150,2900,2350,0,15,12
EMP0605,Sandeep Verma,R&D,R&D Manager,110500,24250,10500,6150,0,0,12
EMP0606,Naveen Krishnan,R&D,R&D Manager,135500,28550,12700,8750,0,15,12
EMP0607,Divya Bhatt,Sales,Business Development Executive,48000,8750,5750,2700,0,0,12
EMP0608,Akash Nair,Operations,Operations Manager,82000,16600,8300,4700,10850,20,12
EMP0609,Mahesh Malhotra,Operations,Operations Executive,48000,9400,5050,2800,2500,20,12
EMP0610,Lakshmi Shetty,R&D,Research Associate,64500,12300,6800,4650,0,20,12
EMP0611,Shreya Trivedi,R&D,Research Associate,57500,10700,6200,3000,7650,0,12
EMP0612,Sandeep Saxena,Finance,Finance Manager,111500,22750,10750,4950,14800,15,12
EMP0613,Dinesh Desai,Admin,Office Manager,80500,17400,7100,4100,0,10,12
EMP0614,Gaurav Das,IT,System Administrator,60500,12800,4950,4600,3400,15,12
EMP0615,Abhishek Mehta,Sales,Sales Executive,53000,11100,6200,3250,0,20,12
EMP0616,Praveen Subramanian,HR,HR Manager,99000,18300,11100,5250,12350,5,12
EMP0617,Manoj Nair,Finance,Financial Analyst,58500,11550,5300,3700,8450,10,12
EMP0618,Rashmi Malhotra,R&D,R&D Manager,117500,25700,13550,9100,0,10,12
EMP0619,Amit Mishra,IT,System Administrator,46500,9650,5200,2300,6800,10,12
EMP0620,Neha Bhatt,Sales,Regional Sales Head,132000,23800,15650,10200,18950,5,12
EMP0621,Mahesh Pillai,Finance,Auditor,65000,12500,7300,4300,3750,15,12
EMP0622,Ashok Kapoor,Operations,Logistics Coordinator,53500,11500,6050,3900,0,10,12
EMP0623,Sapna Mishra,Operations,Operations Manager,102000,18450,8350,6700,0,5,12
EMP0624,Rahul Chauhan,Sales,Business Development Executive,50000,10150,4200,2500,0,5,12
EMP0625,Ramana Kapoor,Operations,Operations Manager,95000,20400,8100,4450,7450,0,12
EMP0626,Sapna Trivedi,Finance,Auditor,57000,12400,6600,2800,0,20,12
EMP0627,Sunita Gupta,R&D,Research Associate,58000,12050,5050,3250,3400,10,12
EMP0628,Anita Shetty,HR,HR Executive,46000,9250,5100,3550,0,5,12
EMP0629,Naveen Rao,Marketing,Content Strategist,65500,12800,6350,3150,0,5,12
EMP0630,Girish Joshi,IT,Tech Lead,108000,20450,10600,5400,0,0,12
EMP0631,Priya Raman,Finance,Finance Manager,112000,21950,9900,6200,0,0,12
EMP0632,Rajesh Desai,IT,Software Engineer,60500,13150,6000,3300,0,20,12
EMP0633,Anjali Sharma,Marketing,SEO Specialist,54500,11950,5800,2450,3700,5,12
EMP0634,Bhavna Sinha,Finance,Accountant,50000,10400,4850,2500,0,15,12
EMP0635,Geetha Trivedi,Admin,Office Manager,68000,13900,7500,3450,0,10,12
EMP0636,Dinesh Joshi,R&D,Research Associate,56000,10400,5000,2300,0,15,12
EMP0637,Sanjay Subramanian,IT,QA Engineer,51000,11200,5200,2950,0,5,12
EMP0638,Neha Pandey,HR,HR Manager,89000,16650,7700,5350,0,20,12
EMP0639,Pallavi Yadav,IT,DevOps Engineer,84500,17150,8150,3650,0,10,12
EMP0640,Sneha Saxena,HR,HR Generalist,51500,10500,6100,3800,6850,15,12
EMP0641,Subash Mukherjee,IT,Tech Lead,101000,20850,11900,5350,0,20,12
EMP0642,Praveen Das,Sales,Regional Sales Head,122500,22150,10800,6800,0,5,12
EMP0643,Neha Agarwal,R&D,Research Scientist,113500,24100,10500,7650,0,10,12
EMP0644,Aishwarya Rao,R&D,Research Scientist,118000,23050,10700,7550,0,10,12
EMP0645,Satish Das,Admin,Front Desk Executive,31500,5800,3150,2500,0,5,12
EMP0646,Shilpa Acharya,HR,Recruiter,49500,9800,5750,2950,6950,5,12
EMP0647,Ravi Malhotra,Marketing,Marketing Executive,52500,9600,4300,2350,6100,20,12
EMP0648,Praveen Pandey,Marketing,Marketing Executive,51000,9200,5600,3000,0,0,12
EMP0649,Karthik Kapoor,Marketing,Content Strategist,68500,14300,7550,3950,9700,5,12
EMP0650,Pallavi Das,HR,Recruiter,38000,7500,3050,2100,0,15,12
EMP0651,Jyoti Mishra,R&D,Research Scientist,109500,23250,11450,7400,0,10,12
EMP0652,Pooja Mehta,Finance,Accountant,46000,8500,3700,3650,5300,5,12
EMP0653,Ajay Gupta,Marketing,SEO Specialist,49500,9850,4000,2300,0,15,12
EMP0654,Ashok Verma,R&D,R&D Manager,117500,22100,12100,8600,13300,15,12
EMP0655,Sapna Subramanian,Marketing,Marketing Executive,50500,9900,5100,3500,0,15,12
EMP0656,Sunita Reddy,IT,QA Engineer,58000,11150,4800,4400,0,15,12
EMP0657,Aarti Pandey,R&D,R&D Manager,123500,22350,11300,5900,8900,10,12
EMP0658,Hema Sinha,Finance,Finance Manager,113000,23550,13400,8300,0,15,12
EMP0659,Naveen Saxena,HR,HR Generalist,44000,8200,3800,2650,0,15,12
EMP0660,Mahesh Chatterjee,Sales,Sales Executive,35500,6900,3200,2400,0,20,12
EMP0661,Vikram Singh,Operations,Operations Manager,83500,17100,7100,4100,7150,0,12
EMP0662,Swati Venkatesh,HR,HR Executive,49500,10800,5550,3900,0,20,12
EMP0663,Manisha Iyer,HR,HR Manager,100000,18450,8800,5450,0,20,12
EMP0664,Shilpa Nair,Finance,Finance Manager,100500,21400,8550,4850,0,0,12
EMP0665,Asha Raman,Operations,Operations Manager,96000,17950,8700,6600,0,5,12
EMP0666,Swati Acharya,Admin,Admin Executive,32000,6800,3100,1800,0,10,12
EMP0667,Sneha Ghosh,Finance,Accountant,56500,12300,4700,2950,3150,0,12
EMP0668,Swati Shetty,IT,System Administrator,61500,13450,5950,4650,0,10,12
EMP0669,Geetha Acharya,Finance,Auditor,59000,12150,6800,3850,0,10,12
EMP0670,Jyoti Rao,Marketing,Marketing Executive,36000,7250,3450,2500,0,20,12
EMP0671,Vinay Pillai,HR,Recruiter,51500,9950,5450,2100,0,10,12
EMP0672,Harish Agarwal,Admin,Front Desk Executive,26500,5550,3000,1350,3350,0,12
EMP0673,Roopa Agarwal,IT,QA Engineer,50500,11100,5650,4000,0,20,12
EMP0674,Kiran Agarwal,Marketing,Marketing Manager,102500,20000,11200,4550,13100,15,12
EMP0675,Rajesh Joshi,Admin,Office Manager,62500,11500,6050,2850,7350,15,12
EMP0676,Charu Desai,Admin,Office Manager,78500,15700,7600,4500,0,15,12
EMP0677,Deepak Joshi,Finance,Auditor,59500,11000,6450,4450,5800,5,12
EMP0678,Manisha Trivedi,HR,HR Generalist,43500,8050,4450,1800,6500,10,12
EMP0679,Rekha Subramanian,IT,Senior Software Engineer,84500,17850,8200,6550,5750,15,12
EMP0680,Gaurav Pandey,HR,HR Executive,41500,8250,3850,2400,5550,20,12
EMP0681,Mohit Sinha,R&D,R&D Manager,124000,23050,13550,5400,0,15,12
EMP0682,Sunita Chauhan,Operations,Logistics Coordinator,41000,8950,4750,2850,0,0,12
EMP0683,Soumya Agarwal,HR,HR Executive,38000,8300,3850,2650,0,15,12
EMP0684,Mohit Verma,HR,HR Manager,80500,15400,7100,5900,0,0,12
EMP0685,Sunil Mishra,Operations,Operations Manager,98500,17900,11300,4050,0,20,12
EMP0686,Arvind Naidu,Marketing,Marketing Executive,38500,8450,3900,2000,0,5,12
EMP0687,Usha Kapoor,Finance,Accountant,59500,13000,5200,4100,3800,10,12
EMP0688,Ramana Yadav,Sales,Regional Sales Head,136000,28550,12950,6050,0,15,12
EMP0689,Arjun Raman,IT,QA Engineer,60000,11350,6950,3050,0,5,12
EMP0690,Manisha Mehta,Marketing,SEO Specialist,59000,10800,6200,2850,8750,5,12
EMP0691,Manisha Ghosh,IT,Software Engineer,64500,14100,6750,4250,9150,10,12
EMP0692,Aishwarya Saxena,IT,Senior Software Engineer,103500,20850,8550,4500,0,20,12
EMP0693,Naveen Tiwari,Operations,Logistics Coordinator,50500,10350,6000,3450,0,10,12
EMP0694,Bhavna Pillai,R&D,R&D Manager,120500,21750,12950,7950,0,0,12
EMP0695,Ramesh Kapoor,R&D,Research Scientist,107000,19600,12300,7050,0,15,12
EMP0696,Sarita Naidu,Finance,Accountant,43500,8650,5100,2500,3400,10,12
EMP0697,Satish Agarwal,Sales,Sales Manager,95500,20900,7800,5700,0,0,12
EMP0698,Shreya Chauhan,HR,Recruiter,53000,10600,4600,2550,0,20,12
EMP0699,Vijay Das,HR,HR Manager,82000,15200,9600,6100,0,10,12
EMP0700,Ajay Verma,Marketing,SEO Specialist,45000,9800,4750,3500,0,15,12
EMP0701,Girish Mukherjee,HR,HR Generalist,55500,10800,6150,4200,5100,15,12
EMP0702,Arvind Sharma,Admin,Admin Executive,35000,6400,3600,1450,0,15,12
EMP0703,Shreya Kulkarni,Operations,Operations Manager,82000,16800,6900,4850,0,10,12
EMP0704,Praveen Chatterjee,HR,HR Generalist,47500,10350,5400,3450,2700,20,12
EMP0705,Aarti Ghosh,HR,HR Generalist,58500,10800,6950,4500,0,0,12
EMP0706,Vivek Reddy,R&D,Research Associate,59500,12150,5800,2600,8050,15,12
EMP0707,Rajesh Tiwari,Admin,Admin Executive,43500,8850,4650,1750,0,20,12
EMP0708,Aarti Nair,Operations,Logistics Coordinator,40500,8050,3750,1950,0,0,12
EMP0709,Charu Rao,Finance,Finance Manager,101000,19900,11000,5850,0,0,12
EMP0710,Akash Malhotra,Operations,Operations Manager,98500,21200,10950,4500,8550,0,12
EMP0711,Ravi Yadav,Finance,Accountant,47500,9500,5400,3550,3350,5,12
EMP0712,Arjun Krishnan,Sales,Regional Sales Head,142000,29500,14000,9600,0,10,12
EMP0713,Sapna Krishnan,Finance,Accountant,54500,11700,6350,3250,0,5,12
EMP0714,Vandana Tiwari,Sales,Sales Manager,95000,19900,11200,5050,6500,0,12
EMP0715,Naresh Sharma,HR,Recruiter,35500,7200,3050,2050,0,10,12
EMP0716,Anjali Verma,Sales,Sales Manager,89000,16650,10250,6100,0,5,12
EMP0717,Shreya Verma,Finance,Finance Manager,119000,21900,13500,5400,0,10,12
EMP0718,Subash Chatterjee,Operations,Operations Manager,101000,18850,10200,7250,0,0,12
EMP0719,Neha Joshi,Finance,Financial Analyst,56000,11250,6050,2950,0,0,12
EMP0720,Ajay Bhatt,Marketing,Marketing Manager,90000,17100,9450,4600,0,20,12
EMP0721,Dinesh Pillai,HR,HR Generalist,59500,10850,5950,4150,0,15,12
EMP0722,Ravi Sinha,Finance,Finance Manager,112500,21950,12150,7700,10150,20,12
EMP0723,Vikram Pillai,Sales,Sales Manager,94000,20150,9000,4900,0,10,12
EMP0724,Karthik Mehta,HR,Recruiter,49000,9850,4350,2050,4650,15,12
EMP0725,Shilpa Bhat,Marketing,SEO Specialist,45500,8500,4050,3000,6100,20,12
EMP0726,Rashmi Gupta,Marketing,Marketing Manager,83000,15350,7850,5150,0,10,12
EMP0727,Mahesh Mukherjee,Sales,Sales Manager,107000,22500,11750,8200,14150,15,12
EMP0728,Jyoti Yadav,IT,QA Engineer,56000,12300,6600,4200,0,5,12
EMP0729,Ashok Menon,R&D,R&D Manager,136000,27000,15200,7150,0,15,12
EMP0730,Naveen Ghosh,R&D,R&D Manager,110500,21550,11400,5000,14500,10,12
EMP0731,Bhavna Menon,Admin,Office Manager,81500,17100,9000,5500,0,20,12
EMP0732,Vijay Mishra,Admin,Office Manager,66500,14500,5500,3700,9700,10,12
EMP0733,Pooja Kulkarni,HR,HR Manager,81000,17250,8450,3350,0,15,12
EMP0734,Sunita Saxena,HR,HR Generalist,41500,8100,3350,2200,6200,5,12
EMP0735,Sunil Kapoor,R&D,R&D Manager,112000,21900,13000,5400,14750,15,12
EMP0736,Deepak Mishra,Marketing,Marketing Manager,96000,20050,9450,4600,0,15,12
EMP0737,Deepa Krishnan,R&D,Research Scientist,104500,21200,11450,5400,0,10,12
EMP0738,Abhishek Tiwari,Finance,Auditor,52500,9850,5500,3000,0,20,12
EMP0739,Rajesh Chauhan,IT,Senior Software Engineer,108000,23200,9800,7050,0,5,12
EMP0740,Shilpa Kapoor,HR,Recruiter,37000,7800,3700,2650,2600,0,12
EMP0741,Vandana Verma,HR,HR Generalist,52000,10050,5000,2500,6300,5,12
EMP0742,Nisha Sinha,R&D,Research Scientist,92000,16850,9800,6300,0,10,12
EMP0743,Deepak Kulkarni,IT,DevOps Engineer,63000,11800,5350,4400,0,0,12
EMP0744,Sandeep Joshi,R&D,Research Scientist,95500,18000,7750,6400,0,20,12
EMP0745,Meera Naidu,Marketing,SEO Specialist,46500,9500,3800,2550,6550,5,12
EMP0746,Pooja Verma,Admin,Admin Executive,30000,5800,2650,2000,0,5,12
EMP0747,Anita Iyer,Admin,Front Desk Executive,26500,5650,2450,1700,0,15,12
EMP0748,Pradeep Patel,Sales,Sales Manager,83000,16100,7200,4650,7950,0,12
EMP0749,Arjun Pillai,Admin,Office Manager,84500,17250,10100,3700,0,20,12
EMP0750,Nisha Naidu,Finance,Finance Manager,95500,19600,11000,5050,0,10,12
EMP0751,Akash Ghosh,Admin,Front Desk Executive,35000,7350,3500,2400,4400,0,12
EMP0752,Usha Chatterjee,Admin,Admin Executive,39500,7250,3400,2350,4500,5,12
EMP0753,Ramana Ghosh,Operations,Operations Executive,43500,8400,4850,1800,0,10,12
EMP0754,Sneha Menon,Operations,Operations Manager,87500,16450,7200,6700,0,5,12
EMP0755,Ravi Bhat,Finance,Auditor,65000,11700,7450,2800,0,5,12
EMP0756,Pooja Das,Sales,Sales Manager,96000,17600,10450,5050,6500,5,12
EMP0757,Mahesh Saxena,R&D,R&D Manager,116000,22150,12900,5000,7750,15,12
EMP0758,Satish Malhotra,Finance,Auditor,45500,9600,4400,1950,4700,20,12
EMP0759,Ramesh Bose,Admin,Office Manager,69500,13750,6600,4450,6750,5,12
EMP0760,Ajay Sharma,IT,DevOps Engineer,83000,17350,8250,6400,0,10,12
EMP0761,Tanvi Subramanian,Marketing,Marketing Executive,48000,10350,5750,2150,6050,10,12
EMP0762,Kiran Venkatesh,R&D,R&D Manager,132000,25700,10850,7300,12900,10,12
EMP0763,Sneha Joshi,Marketing,SEO Specialist,49500,9400,5150,3850,6300,15,12
EMP0764,Abhishek Yadav,HR,HR Manager,93500,17450,9100,6350,0,15,12
EMP0765,Charu Agarwal,Admin,Front Desk Executive,38500,7050,4050,2750,4800,15,12
EMP0766,Usha Sharma,Finance,Auditor,45000,8250,5000,2550,4200,5,12
EMP0767,Komal Das,Finance,Financial Analyst,65500,12250,7750,3800,3650,5,12
EMP0768,Ajay Bose,Admin,Office Manager,80000,17300,6750,5250,5000,0,12
EMP0769,Bhavna Verma,Sales,Regional Sales Head,135500,28050,11400,5750,14650,0,12
EMP0770,Rajesh Pillai,IT,QA Engineer,59000,11850,7000,3000,0,20,12
EMP0771,Pradeep Krishnan,Operations,Logistics Coordinator,50500,11100,5700,3900,2800,10,12
EMP0772,Srinivas Nair,IT,QA Engineer,52500,10950,6050,2400,0,10,12
EMP0773,Asha Trivedi,R&D,R&D Manager,131500,27150,13000,7450,0,10,12
EMP0774,Amit Trivedi,IT,System Administrator,55000,11400,4900,3250,0,10,12
EMP0775,Pradeep Raman,HR,HR Generalist,49000,10000,5300,3650,0,20,12
EMP0776,Shilpa Gupta,Marketing,SEO Specialist,50000,10800,5900,2950,3350,0,12
EMP0777,Meera Malhotra,IT,Senior Software Engineer,109500,23800,12700,7750,10700,0,12
EMP0778,Srinivas Menon,HR,Recruiter,47000,10150,5150,3250,0,15,12
EMP0779,Sunita Menon,Marketing,Marketing Executive,44000,8050,3700,3050,0,0,12
EMP0780,Soumya Trivedi,Finance,Finance Manager,102000,20700,8150,4350,0,15,12
EMP0781,Arvind Trivedi,Finance,Financial Analyst,53000,10400,5400,3100,0,5,12
EMP0782,Shilpa Sinha,Finance,Finance Manager,94500,19850,10750,6900,9450,0,12
EMP0783,Geetha Shetty,R&D,R&D Manager,136500,25750,12500,10750,0,5,12
EMP0784,Suresh Das,R&D,R&D Manager,122500,23500,13800,9350,10950,15,12
EMP0785,Ashok Pandey,Admin,Office Manager,62000,12450,5650,4200,0,15,12
EMP0786,Rajesh Mehta,Operations,Logistics Coordinator,41500,8900,4500,2400,4950,10,12
EMP0787,Manoj Pillai,Sales,Sales Manager,103500,21350,9800,7700,0,5,12
EMP0788,Yogesh Malhotra,Finance,Accountant,43000,8350,4250,3350,0,10,12
EMP0789,Charu Malhotra,Finance,Auditor,52500,9500,4700,3150,0,15,12
EMP0790,Pooja Sinha,Admin,Office Manager,80000,16500,7600,3600,0,20,12
EMP0791,Geetha Nair,Finance,Auditor,60000,13200,6500,3100,7300,20,12
EMP0792,Lakshmi Chauhan,IT,QA Engineer,57500,12250,6400,3500,0,20,12
EMP0793,Neha Pillai,HR,HR Manager,99000,20550,7950,5750,10650,5,12
EMP0794,Pooja Desai,Marketing,Marketing Executive,37500,8200,3750,2050,0,0,12
EMP0795,Asha Agarwal,IT,DevOps Engineer,88500,18700,9400,5100,0,20,12
EMP0796,Sarita Mishra,Sales,Sales Executive,36000,6800,3150,1850,0,20,12
EMP0797,Gaurav Pillai,Operations,Operations Manager,84000,17550,8150,5200,0,5,12
EMP0798,Jyoti Sinha,HR,Recruiter,48500,10550,4150,2350,5500,5,12
EMP0799,Komal Shetty,Finance,Auditor,49500,9550,5500,2750,3800,20,12
EMP0800,Sanjay Desai,Admin,Admin Executive,35000,7200,3300,1850,0,5,12
EMP0801,Geetha Sharma,HR,HR Generalist,47000,9150,3950,3600,0,10,12
EMP0802,Charu Subramanian,HR,Recruiter,53000,11350,5400,3400,7650,15,12
EMP0803,Lakshmi Pandey,Admin,Office Manager,78500,14550,6300,4750,6900,10,12
EMP0804,Suresh Trivedi,Sales,Regional Sales Head,142500,28250,13900,7700,20700,20,12
EMP0805,Sunita Agarwal,HR,Recruiter,48000,10100,5450,3150,2850,20,12
EMP0806,Kavya Gupta,Marketing,SEO Specialist,45000,9850,4350,2700,0,20,12
EMP0807,Sunil Patel,Admin,Admin Executive,39500,7400,4450,1600,0,10,12
EMP0808,Asha Acharya,IT,DevOps Engineer,74000,16200,7900,5550,4250,5,12
EMP0809,Aishwarya Pandey,IT,QA Engineer,55500,10850,5250,2450,5750,0,12
EMP0810,Rekha Agarwal,R&D,Research Scientist,98000,18500,10750,6150,14050,20,12
EMP0811,Vikram Sinha,R&D,Research Associate,61000,11000,6000,3150,7450,15,12
EMP0812,Sarita Sharma,HR,HR Generalist,55500,10450,5600,4200,0,0,12
EMP0813,Swati Bose,Sales,Regional Sales Head,132500,25850,12550,10050,19750,15,12
EMP0814,Deepak Mehta,Operations,Logistics Coordinator,53500,9650,6150,3650,3400,15,12
EMP0815,Srinivas Iyer,Finance,Financial Analyst,65000,14200,7750,2900,0,5,12
EMP0816,Nisha Chauhan,Admin,Admin Executive,31500,6900,3500,1400,3750,0,12
EMP0817,Bhavna Malhotra,IT,QA Engineer,55000,10550,5450,3850,5550,5,12
EMP0818,Madhuri Chatterjee,Admin,Admin Executive,37500,7800,4200,2550,5600,20,12
EMP0819,Swati Menon,HR,HR Manager,92500,16800,11050,7150,0,0,12
EMP0820,Suresh Naidu,Admin,Front Desk Executive,29500,6150,3500,1450,2750,0,12
EMP0821,Mahesh Patel,Marketing,Content Strategist,58500,12750,6350,2900,2950,10,12
EMP0822,Pallavi Saxena,R&D,Research Scientist,119000,24300,11550,5950,7300,0,12
EMP0823,Gaurav Mehta,Operations,Operations Manager,103500,22000,11350,6600,8050,20,12
EMP0824,Tanvi Gupta,HR,HR Manager,100000,20950,8500,6350,0,5,12
EMP0825,Ajay Ghosh,HR,HR Executive,50000,10100,4700,3450,6100,0,12
EMP0826,Sapna Desai,Marketing,Content Strategist,61500,12150,6700,4700,0,20,12
EMP0827,Amit Kulkarni,Marketing,Marketing Manager,89000,16200,9150,6400,0,15,12
EMP0828,Shilpa Bhatt,HR,HR Manager,94000,19750,8950,6700,6450,5,12
EMP0829,Soumya Pillai,IT,DevOps Engineer,74500,14900,8100,3750,5750,0,12
EMP0830,Anita Menon,IT,DevOps Engineer,67500,12950,7150,5250,9250,0,12
EMP0831,Asha Pillai,HR,HR Executive,45000,8750,4700,2450,0,20,12
EMP0832,Madhuri Mehta,Admin,Front Desk Executive,29500,5700,2450,2150,4300,5,12
EMP0833,Praveen Verma,HR,HR Generalist,48000,10300,5050,3000,3700,20,12
EMP0834,Abhishek Joshi,R&D,Research Associate,63500,12350,7350,2800,8650,5,12
EMP0835,Vijay Subramanian,Finance,Finance Manager,90500,17400,10450,6600,5800,15,12
EMP0836,Jyoti Nair,Finance,Accountant,59000,10850,5650,2600,0,0,12
EMP0837,Vivek Chatterjee,HR,Recruiter,39500,8600,4100,2850,0,20,12
EMP0838,Bhavna Gupta,Sales,Sales Manager,95000,20000,11000,6900,0,5,12
EMP0839,Kavya Bhatt,Marketing,Marketing Executive,35500,7550,3000,1850,0,5,12
EMP0840,Rahul Menon,IT,Senior Software Engineer,93500,18250,8800,4800,0,0,12
EMP0841,Dinesh Kulkarni,HR,HR Manager,83000,18100,7600,3550,11850,0,12
EMP0842,Anjali Mishra,Finance,Financial Analyst,63500,12800,6600,4250,0,10,12
EMP0843,Aarti Saxena,Operations,Operations Executive,43500,9400,4650,3350,0,0,12
EMP0844,Rahul Joshi,Finance,Finance Manager,94500,18500,10300,6750,10200,10,12
EMP0845,Manoj Gupta,Operations,Operations Executive,40500,8550,3800,2400,0,20,12
EMP0846,Srinivas Mehta,Sales,Regional Sales Head,133000,26850,13500,7950,7750,15,12
EMP0847,Gopal Gupta,Sales,Business Development Executive,40000,7550,4550,2200,2450,10,12
EMP0848,Naresh Mehta,Marketing,SEO Specialist,49500,10550,5050,3800,3600,5,12
EMP0849,Yogesh Verma,Admin,Office Manager,61500,12800,6550,2650,0,0,12
EMP0850,Manoj Trivedi,Finance,Accountant,47500,8700,4900,3450,5900,20,12
EMP0851,Anil Sharma,Marketing,Marketing Executive,39500,7200,4200,2550,3550,15,12
EMP0852,Subash Desai,Marketing,Content Strategist,57000,11250,4900,4500,0,5,12
EMP0853,Pallavi Chauhan,IT,Senior Software Engineer,92500,17350,10150,5750,0,15,12
EMP0854,Preeti Bhat,Admin,Office Manager,65000,11850,6150,3700,5600,10,12
EMP0855,Vinay Kulkarni,HR,HR Executive,38000,7750,4200,2000,0,0,12
EMP0856,Harish Mukherjee,HR,HR Executive,44000,9650,4350,1850,6500,10,12
EMP0857,Abhishek Venkatesh,Sales,Business Development Executive,64000,12500,6050,2900,8950,20,12
EMP0858,Rajesh Venkatesh,Finance,Accountant,58500,12400,5800,4350,6900,0,12
EMP0859,Pooja Menon,Sales,Sales Manager,104500,21800,12500,6300,0,20,12
EMP0860,Bhavna Ghosh,Finance,Finance Manager,99000,19250,11300,5650,0,15,12
EMP0861,Harish Pillai,HR,HR Manager,98000,20100,9800,7050,0,20,12
EMP0862,Pooja Subramanian,HR,HR Generalist,50000,9350,4600,2150,2850,15,12
EMP0863,Madhuri Raman,Marketing,SEO Specialist,49000,10650,5800,2900,4450,20,12
EMP0864,Vivek Ghosh,Operations,Logistics Coordinator,59500,13000,5650,4000,8200,0,12
EMP0865,Aarti Reddy,Sales,Sales Executive,39500,8450,3600,1850,3500,15,12
EMP0866,Vandana Sinha,R&D,Research Associate,52500,9850,4450,4100,0,15,12
EMP0867,Srinivas Singh,Operations,Operations Manager,99000,19750,10700,5850,6500,15,12
EMP0868,Vikram Mishra,Admin,Admin Executive,44500,9450,4950,3500,2350,15,12
EMP0869,Sandeep Bose,Finance,Accountant,44500,8150,4300,2300,0,20,12
EMP0870,Pallavi Bose,Finance,Accountant,42500,9150,4150,3350,6150,15,12
EMP0871,Ashok Bhatt,Finance,Auditor,56000,12100,5750,4100,0,5,12
EMP0872,Divya Yadav,Finance,Finance Manager,111000,24350,13050,7750,7200,15,12
EMP0873,Manoj Subramanian,Operations,Operations Executive,48000,9150,5250,3800,0,15,12
EMP0874,Ajay Kapoor,Finance,Auditor,51500,10000,6100,4050,6750,0,12
EMP0875,Mahesh Agarwal,HR,HR Generalist,54500,10700,5150,4000,0,10,12
EMP0876,Subash Malhotra,Operations,Operations Executive,52500,10700,5350,2900,0,15,12
EMP0877,Vinay Tiwari,HR,HR Executive,47500,10150,3950,1950,5950,20,12
EMP0878,Rashmi Nair,R&D,R&D Manager,128500,27250,13700,9500,0,20,12
EMP0879,Shreya Raman,HR,Recruiter,49500,9750,5600,3350,4350,5,12
EMP0880,Mohit Saxena,Marketing,Content Strategist,59500,12700,6650,3350,0,15,12
EMP0881,Vikram Sharma,IT,Senior Software Engineer,105000,20450,11850,7650,15300,15,12
EMP0882,Harish Desai,Admin,Admin Executive,39500,8150,4450,2850,4500,5,12
EMP0883,Jyoti Bhat,Finance,Auditor,52000,9550,5850,3150,0,10,12
EMP0884,Nisha Pillai,HR,HR Executive,35000,6900,3700,2250,0,0,12
EMP0885,Sneha Mehta,R&D,R&D Manager,130000,27450,11350,8600,17450,15,12
EMP0886,Madhuri Reddy,Marketing,Marketing Executive,39500,8100,4150,2500,0,20,12
EMP0887,Neha Nair,Finance,Finance Manager,98000,21150,8200,5850,0,15,12
EMP0888,Rajesh Subramanian,IT,QA Engineer,42000,8400,4400,2050,0,15,12
EMP0889,Ramesh Shetty,IT,Software Engineer,60500,13300,6000,3900,7500,0,12
EMP0890,Ajay Mishra,IT,DevOps Engineer,60500,12150,6700,2950,0,0,12
EMP0891,Nisha Mehta,Sales,Sales Executive,39000,7450,3850,3050,0,10,12
EMP0892,Kavita Venkatesh,Admin,Admin Executive,34000,6350,3650,2550,3700,20,12
EMP0893,Usha Kulkarni,Sales,Regional Sales Head,133500,28750,12950,9350,0,20,12
EMP0894,Tanvi Malhotra,Sales,Business Development Executive,51500,11100,5800,3000,0,10,12
EMP0895,Charu Kapoor,Marketing,Content Strategist,62500,11300,5450,3300,3600,10,12
EMP0896,Komal Joshi,Operations,Operations Executive,35000,6750,2800,1850,0,5,12
EMP0897,Manisha Singh,Admin,Office Manager,79000,14900,7000,4950,0,0,12
EMP0898,Arvind Rao,Sales,Sales Executive,50500,10100,6050,2850,4200,15,12
EMP0899,Harish Shetty,IT,Tech Lead,100500,20700,11500,8000,13500,15,12
EMP0900,Vikram Bhatt,IT,Tech Lead,120500,21750,11900,8800,9850,10,12
EMP0901,Jyoti Gupta,Operations,Operations Manager,99500,18100,9150,7900,0,0,12
EMP0902,Komal Tiwari,HR,HR Executive,38500,7000,3100,1700,0,15,12
EMP0903,Gopal Kulkarni,HR,HR Manager,91500,19450,9300,3700,12650,0,12
EMP0904,Madhuri Krishnan,Admin,Office Manager,82000,15300,7000,4800,0,20,12
EMP0905,Girish Ghosh,HR,HR Manager,98000,19500,9750,5000,0,0,12
EMP0906,Madhuri Saxena,HR,Recruiter,52500,11200,4700,3450,0,0,12
EMP0907,Shilpa Reddy,Sales,Sales Executive,41500,8250,3950,2450,0,20,12
EMP0908,Aishwarya Bhat,Marketing,SEO Specialist,49500,10600,4150,2250,4700,20,12
EMP0909,Arjun Mukherjee,Admin,Admin Executive,40500,7800,4650,2650,0,0,12
EMP0910,Harish Verma,R&D,Research Associate,58500,10600,6250,3400,0,0,12
EMP0911,Sarita Malhotra,Sales,Sales Manager,92500,18500,9300,3900,10600,15,12
EMP0912,Ajay Saxena,Sales,Regional Sales Head,125500,25550,12700,7500,0,5,12
EMP0913,Vikram Shetty,Marketing,Marketing Manager,82000,16500,7450,6150,0,15,12
EMP0914,Rajesh Menon,Marketing,SEO Specialist,51500,9600,4550,3350,2600,5,12
EMP0915,Mohit Tiwari,R&D,R&D Manager,119500,25600,12850,5600,9950,15,12
EMP0916,Manoj Sharma,R&D,Research Scientist,100500,18150,11950,7550,0,0,12
EMP0917,Ramana Pandey,R&D,R&D Manager,110000,21950,9900,4900,0,10,12
EMP0918,Mohit Kulkarni,Finance,Accountant,43000,8250,4700,2500,0,10,12
EMP0919,Dinesh Bose,Operations,Operations Manager,80000,17050,7350,4250,0,20,12
EMP0920,Preeti Patel,Marketing,Marketing Executive,39500,8650,4500,2600,0,5,12
EMP0921,Naresh Pillai,HR,HR Manager,92000,18900,10900,6900,0,15,12
EMP0922,Deepa Das,Marketing,Content Strategist,60500,11850,5850,4850,6150,10,12
EMP0923,Satish Patel,Admin,Office Manager,78000,17050,8700,4000,0,5,12
EMP0924,Vandana Joshi,Marketing,Marketing Manager,89500,17850,7400,4650,11850,0,12
EMP0925,Suresh Subramanian,Marketing,Marketing Executive,48500,9400,5500,2050,0,20,12
EMP0926,Manisha Joshi,HR,Recruiter,39500,8700,3450,2500,3850,10,12
EMP0927,Asha Naidu,Admin,Office Manager,63000,13600,7350,4000,0,10,12
EMP0928,Akash Mehta,Sales,Business Development Executive,44000,8650,3850,2300,0,15,12
EMP0929,Rashmi Das,Admin,Office Manager,63000,11700,6150,3300,0,15,12
EMP0930,Girish Sinha,IT,DevOps Engineer,60500,13200,5850,4250,4500,20,12
EMP0931,Komal Mehta,Marketing,Marketing Executive,47500,8800,5050,2800,0,0,12
EMP0932,Karthik Reddy,Marketing,Marketing Executive,45500,9250,5150,2850,0,0,12
EMP0933,Akash Venkatesh,IT,System Administrator,51500,10350,5300,4050,0,5,12
EMP0934,Rahul Subramanian,Sales,Sales Executive,37000,6650,3850,1650,3600,20,12
EMP0935,Anil Chauhan,IT,Software Engineer,59500,11650,7100,4350,0,20,12
EMP0936,Anil Tiwari,HR,HR Generalist,44500,9150,3900,3250,5550,20,12
EMP0937,Preeti Saxena,Marketing,Marketing Executive,53500,10700,5700,3000,4900,15,12
EMP0938,Manoj Verma,Marketing,SEO Specialist,48500,9800,3900,2550,0,20,12
EMP0939,Anil Iyer,Operations,Operations Executive,49500,10650,4850,2000,0,20,12
EMP0940,Naveen Pandey,Admin,Front Desk Executive,26000,4850,2250,1700,0,5,12
EMP0941,Geetha Agarwal,Admin,Admin Executive,44500,9500,4400,3500,5400,20,12
EMP0942,Vivek Bhat,Operations,Logistics Coordinator,59500,12700,4900,2450,6950,15,12
EMP0943,Ashok Bhat,Sales,Sales Manager,83000,17950,7200,6300,0,0,12
EMP0944,Kavya Tiwari,Marketing,Marketing Executive,36000,7700,3000,2550,0,5,12
EMP0945,Nisha Nair,R&D,Research Scientist,94000,20650,9700,4500,0,10,12
EMP0946,Deepak Malhotra,Sales,Sales Executive,53500,9700,6350,2350,2700,15,12
EMP0947,Vijay Bhatt,HR,Recruiter,40500,8400,4800,2800,2850,15,12
EMP0948,Mohit Pandey,Operations,Logistics Coordinator,57500,12300,6450,3300,0,20,12
EMP0949,Rajesh Patel,R&D,Research Associate,51500,10500,4800,2500,0,10,12
EMP0950,Tanvi Pandey,HR,HR Manager,89000,16300,9150,6600,0,15,12
EMP0951,Rashmi Patel,R&D,Research Scientist,110500,20000,10350,5550,0,5,12
EMP0952,Naveen Desai,Operations,Logistics Coordinator,41500,7850,3450,3250,0,0,12
EMP0953,Gaurav Raman,Finance,Finance Manager,113000,20550,9200,6800,0,10,12
EMP0954,Sunita Verma,IT,Software Engineer,56000,11300,6400,3750,0,0,12
EMP0955,Tanvi Naidu,Finance,Auditor,58500,11800,4950,2600,0,10,12
EMP0956,Ajay Krishnan,Admin,Admin Executive,33500,6350,3450,1650,0,20,12
EMP0957,Vijay Iyer,IT,System Administrator,52500,11150,4350,2350,4450,5,12
EMP0958,Rekha Mehta,Admin,Office Manager,81000,15000,6750,4050,0,10,12
EMP0959,Gopal Ghosh,Marketing,Content Strategist,67500,12950,7150,4100,0,20,12
EMP0960,Meera Reddy,Operations,Operations Manager,102500,22350,10200,4400,0,20,12
EMP0961,Neha Trivedi,Finance,Accountant,47500,9900,5050,2750,0,0,12
EMP0962,Sandeep Mukherjee,Admin,Office Manager,62500,11400,7150,3450,5900,5,12
EMP0963,Naveen Naidu,Finance,Auditor,62000,11300,5700,3800,6850,10,12
EMP0964,Pallavi Verma,Operations,Logistics Coordinator,59500,11750,5800,4100,3600,15,12
EMP0965,Vandana Malhotra,Marketing,Marketing Manager,92000,18300,11000,4550,10900,10,12
EMP0966,Karthik Chatterjee,Marketing,Content Strategist,68000,13300,7100,3700,0,20,12
EMP0967,Usha Shetty,Operations,Operations Manager,107000,20050,10550,6150,0,15,12
EMP0968,Girish Reddy,HR,Recruiter,54500,11000,6450,3150,0,10,12
EMP0969,Sunita Das,Finance,Accountant,47000,8700,3850,3150,0,0,12
EMP0970,Gaurav Menon,IT,System Administrator,53000,11600,4250,3900,0,0,12
EMP0971,Ramana Chatterjee,Operations,Operations Executive,37000,7400,3150,1600,0,15,12
EMP0972,Divya Malhotra,Marketing,Marketing Manager,80500,15550,9000,4300,0,15,12
EMP0973,Rekha Tiwari,IT,Senior Software Engineer,91500,16650,10700,7000,0,10,12
EMP0974,Aishwarya Venkatesh,Operations,Operations Executive,47000,10000,3800,3250,0,0,12
EMP0975,Divya Menon,Admin,Front Desk Executive,36500,6750,4200,2650,0,20,12
EMP0976,Anil Bhat,Marketing,Marketing Manager,106500,21600,12400,5650,0,5,12
EMP0977,Subash Bhat,HR,HR Manager,94000,19700,10850,5100,0,10,12
EMP0978,Preeti Mishra,Sales,Regional Sales Head,145000,28550,14900,10600,0,15,12
EMP0979,Hema Bose,Marketing,Content Strategist,60000,11100,5800,3600,0,5,12
EMP0980,Lakshmi Sinha,IT,Senior Software Engineer,83500,16450,9250,5700,11450,15,12
EMP0981,Sneha Kulkarni,HR,HR Manager,96000,20600,11200,7300,0,20,12
EMP0982,Harish Saxena,HR,Recruiter,45500,9250,4750,3650,0,10,12
EMP0983,Roopa Kapoor,R&D,R&D Manager,136500,26950,15050,9300,0,20,12
EMP0984,Aishwarya Gupta,Finance,Accountant,58500,11900,6250,3400,7150,10,12
EMP0985,Mahesh Subramanian,Operations,Operations Executive,53000,10650,5350,3200,4700,5,12
EMP0986,Manoj Iyer,Sales,Regional Sales Head,136500,26100,15700,7200,10750,15,12
EMP0987,Anil Menon,Finance,Finance Manager,120000,26000,14350,8400,0,5,12
EMP0988,Gaurav Venkatesh,Finance,Accountant,59000,12750,7000,3650,7850,0,12
EMP0989,Komal Pillai,Marketing,SEO Specialist,59000,11850,6700,3050,0,0,12
EMP0990,Anil Malhotra,R&D,Research Scientist,92500,19850,11050,6400,5350,5,12
EMP0991,Divya Bhat,Finance,Finance Manager,98500,19500,10800,6600,0,0,12
EMP0992,Kavita Nair,Operations,Operations Executive,52500,10850,6050,2150,3350,15,12
EMP0993,Swati Subramanian,Finance,Auditor,54000,10000,5700,2350,0,5,12
EMP0994,Rahul Malhotra,HR,HR Generalist,57500,11750,6250,2400,0,20,12
EMP0995,Harish Pandey,R&D,R&D Manager,131000,28600,15100,9650,0,15,12
EMP0996,Abhishek Mishra,Operations,Logistics Coordinator,55000,10550,4900,4300,0,15,12
EMP0997,Asha Malhotra,HR,HR Manager,94500,20600,10050,5100,13050,15,12
EMP0998,Rekha Mukherjee,Sales,Regional Sales Head,121500,24600,11300,8150,0,15,12
EMP0999,Jyoti Bose,IT,Tech Lead,115500,24150,10800,8400,0,20,12
EMP1000,Anita Bhatt,Sales,Sales Executive,54500,11150,4650,3350,4800,10,12
